blur_score,brightness,contrast,unique_id,dataset,split
697.4681663513184,100.99053332270408,52.727501962033585,20060412_60751_0200_PP,Messidor,train
486.8095235792809,72.53766741071429,39.69560438920578,20051214_42363_0100_PP,Messidor,train
420.63303046006064,68.98634805484694,36.94408837452412,IM003726,Messidor,train
431.16909202780636,88.59074059311224,47.69297427799504,189cbbc9e5e3,APTOS,train
579.5704717211106,72.43229830994898,39.14188362761031,IM002643,Messidor,train
674.7570929648429,95.31148357780613,51.126270587124274,20060407_39155_0200_PP,Messidor,train
557.7819211162264,109.96113679846938,56.42098131748141,20060407_39667_0200_PP,Messidor,train
220.60429164341517,87.4848333864796,37.627679233027784,IDRiD_163_train,IDRiD,train
363.9447022846767,75.04587850765306,40.14085392033099,20051213_62648_0100_PP,Messidor,train
396.5219910608535,72.94096779336735,38.40377521942592,20051021_40180_0100_PP,Messidor,train
469.3309291075389,77.20792809311224,40.86751000303475,20051110_38280_0400_PP,Messidor,train
400.4891944577028,82.6020806760204,41.99175277546153,4ab8c0cece7f,APTOS,train
394.02378298311817,84.37922512755102,43.659081938946144,6d6be4cfc73f,APTOS,train
325.989605866686,90.02515146683673,45.23149036236994,27933cdbe0cc,APTOS,train
308.7066742350091,106.84103954081633,53.618066405168406,20060410_40403_0200_PP,Messidor,train
355.5425651705995,98.9830397002551,42.41488949532379,IDRiD_293_train,IDRiD,train
540.8194116848997,75.8315728635204,41.69755409689179,20051214_56392_0100_PP,Messidor,train
435.2063768427355,113.4901347257653,57.58335813844434,20060412_61064_0200_PP,Messidor,train
351.5916869935271,101.43995137117346,48.80477387015299,IDRiD_196_train,IDRiD,train
626.4763530582649,73.98357780612245,41.37812711399658,20051202_55834_0400_PP,Messidor,train
492.07505580357144,78.00476323341837,43.306670052426334,a9e3d186cd1b,APTOS,train
794.9009374501754,94.90413743622449,50.31302820522822,20060529_57287_0100_PP,Messidor,train
450.28645293526927,76.67608019770408,41.725728733792266,a528be013a04,APTOS,train
549.3033272307498,92.31891741071429,48.99998224282728,20051216_47420_0200_PP,Messidor,train
380.8168869459446,73.52178332270408,39.09222649287867,20051130_54943_0400_PP,Messidor,train
644.7330368050731,84.13295200892857,45.69738982137313,20051020_45110_0100_PP,Messidor,train
437.80124859688726,94.78374123086735,48.86841493397145,20060412_60978_0200_PP,Messidor,train
413.57401359801196,76.25215242346938,40.35072240912797,20060530_51377_0100_PP,Messidor,train
672.2060801527093,103.56353635204081,53.71465145018753,20060411_60533_0200_PP,Messidor,train
406.2008784292937,86.87739158163265,43.98689320260152,eed4afc8ec83,APTOS,train
499.8093955132526,78.2008131377551,40.73403798327624,IM001560,Messidor,train
423.52217653044954,86.10540896045919,44.86654128485497,20051130_55107_0400_PP,Messidor,train
258.28462711605914,67.46167490433673,36.69550754319742,7ba6b23c4b46,APTOS,train
437.1597282778268,92.48917809311224,38.022427079439986,IDRiD_086_test,IDRiD,train
758.2536223287237,85.41926419005102,41.557427604785055,IDRiD_199_train,IDRiD,train
621.5039964868147,96.78635204081633,50.76652311845653,20060410_39879_0200_PP,Messidor,train
762.0720837329736,98.37091438137755,51.548286521286194,20060522_45541_0100_PP,Messidor,train
208.72489335585612,75.74726961096938,35.10112319809086,IDRiD_009_train,IDRiD,train
195.42351307287063,59.78282445790816,33.060994320593494,4cddfc22b0ad,APTOS,train
344.5622377721333,93.0473931760204,46.376280928694285,9ce46d400cd6,APTOS,train
536.0669025498992,86.19090800382654,44.45814561831188,f85c78201a50,APTOS,train
313.40760350694063,85.88201530612245,34.63749484761626,IDRiD_016_train,IDRiD,train
292.47975716676285,79.27216198979592,41.73164221130449,20051205_35142_0400_PP,Messidor,train
388.58057260890644,110.72642299107143,55.81431960926731,20060407_42133_0200_PP,Messidor,train
324.25677185185697,75.10907605229592,39.430647334201254,20051116_43801_0400_PP,Messidor,train
514.5802778456919,87.03673070790816,45.3666028400483,20060523_50616_0100_PP,Messidor,train
370.72388323045493,78.7582708864796,41.36903219232109,20051213_62705_0100_PP,Messidor,train
273.6508589700478,85.7661431760204,35.372689449365964,IDRiD_011_train,IDRiD,train
424.68862163181456,99.2689134247449,50.38239269907715,20060412_51932_0200_PP,Messidor,train
315.9537324818012,72.49764827806122,36.807422979202364,20051205_58125_0400_PP,Messidor,train
313.38173645191125,67.14038584183673,33.24304064489232,IDRiD_159_train,IDRiD,train
232.61599027132408,85.29781170280613,44.46610204975944,49eb73968c44,APTOS,train
425.6425568951214,70.72484853316327,39.12461878635945,IM003175,Messidor,train
126.34712577034962,65.85108418367346,32.21728464577663,b085caa513a8,APTOS,train
429.8589112243271,72.97630341198979,38.32995907395085,IM003124,Messidor,train
435.93080900153336,88.20577566964286,45.07692510168044,763ad1236efe,APTOS,train
364.8870463452702,78.72006536989795,40.96690018585203,20051216_45375_0200_PP,Messidor,train
281.54398408188314,67.95192920918367,39.11078394794778,a419fcb2dfb5,APTOS,train
408.8549575039071,95.61654974489795,49.35945821033369,20060411_58718_0200_PP,Messidor,train
583.9466764453251,92.03278459821429,48.57410523688782,20060523_50730_0100_PP,Messidor,train
334.0404058183943,69.13016183035714,35.82305616080535,IM000319,Messidor,train
389.71544917590023,89.4383769132653,43.972211160924076,3323fd59782e,APTOS,train
377.9119866040288,88.1690449617347,44.562932061475806,20060523_49176_0100_PP,Messidor,train
392.5118081530944,105.75109614158163,53.50141191597838,20060412_61790_0200_PP,Messidor,train
235.28921662226958,65.31999362244898,29.594713412867428,IDRiD_171_train,IDRiD,train
745.9646309400191,95.61551339285714,50.676860421362676,20060412_61593_0200_PP,Messidor,train
326.7848652192624,66.31331712372449,36.340803030114834,IM002997,Messidor,train
527.6678617633119,86.82623166454081,45.471679396193785,20051130_55160_0400_PP,Messidor,train
412.82736089397395,114.54791135204081,47.81174236200895,6987804eb464,APTOS,train
516.0621249791931,90.30596301020408,46.118248387601064,780f9daaa24b,APTOS,train
373.36618832417804,73.85487085459184,38.84781545539148,0c38940e1f80,APTOS,train
225.82531852674506,64.0756536989796,33.55554478516263,IM000066,Messidor,train
593.1581026623022,110.6143574617347,46.24820817873266,IDRiD_303_train,IDRiD,train
585.7192719029367,92.94758450255102,48.20595830600001,20060410_46893_0200_PP,Messidor,train
510.3868938225203,101.93843670280613,52.248433591816394,20060412_58945_0200_PP,Messidor,train
425.01317665230374,69.00253109056122,36.61547778548918,20051020_63936_0100_PP,Messidor,train
617.6165332150726,95.81716358418367,49.972348591783486,20060411_58736_0200_PP,Messidor,train
347.97178313673555,93.57788584183673,39.91167245327588,IDRiD_129_train,IDRiD,train
382.33823389333776,94.35373485331633,45.723124180475594,ab78a66dee6a,APTOS,train
439.00162674793836,84.27313855229592,42.69750020036989,e150935f66a6,APTOS,train
216.22734055207303,64.40194515306122,30.66152015089644,10a5026eb8e6,APTOS,train
281.77056999,89.36750637755102,36.09692543413016,IDRiD_031_test,IDRiD,train
428.4496239718176,99.64610570790816,47.95609749272568,780f9c237c56,APTOS,train
315.5267076154691,69.47331393494898,38.49141064117161,IM003925,Messidor,train
660.6895714584662,83.84149792729592,47.7427684517091,e33766353db2,APTOS,train
223.38253894759833,75.12262834821429,37.89256062744092,IM002486,Messidor,train
444.83214314527095,65.7680365114796,35.78341389526637,IM001102,Messidor,train
463.714635852971,86.1669921875,43.73719741898447,8d4d14a4ab07,APTOS,train
384.09488359862,95.43227838010205,37.66463379497735,IDRiD_047_test,IDRiD,train
275.5281915565373,85.0731425382653,36.517030194663604,IDRiD_278_train,IDRiD,train
314.03606250990134,83.03220663265306,43.18224534296896,20051109_59751_0400_PP,Messidor,train
447.1361559093719,93.89845742984694,47.850040626175016,002c21358ce6,APTOS,train
425.3016615692449,106.81812021683673,54.34743395881485,20060412_62936_0200_PP,Messidor,train
237.15199212896877,81.42837213010205,39.81541648878352,IM000327,Messidor,train
263.5449154117811,66.62673389668367,35.163628222126356,20051116_54454_0400_PP,Messidor,train
330.8216717774448,62.976004464285715,33.74042791950492,20051020_64703_0100_PP,Messidor,train
362.581786254206,82.91382334183673,41.49493255635617,IM001199,Messidor,train
442.52127846714257,81.69895966198979,43.08271269135996,IM003694,Messidor,train
378.6722346762229,88.68612484056122,43.34509509984544,789f0ec1eab8,APTOS,train
459.00274253378103,104.65794403698979,47.192386871373685,IDRiD_181_train,IDRiD,train
311.89862680812524,73.59193638392857,38.106491172929246,IM003382,Messidor,train
470.8500548922386,90.1171875,44.745182493488144,958c1fa044ba,APTOS,train
656.8892250045146,79.19304049744898,42.73136589313973,20051020_64388_0100_PP,Messidor,train
403.8708250466012,103.53663105867346,39.7525230315602,IDRiD_019_test,IDRiD,train
278.88726440423335,66.28856425382654,32.81503600445548,IM002636,Messidor,train
316.3865062947176,79.34685905612245,39.9454609814072,20051205_59351_0400_PP,Messidor,train
489.82776605263695,89.62107382015306,46.079905279097346,d1b279cc02ae,APTOS,train
553.958231627668,100.91326530612245,41.74423606476879,10eefba568dd,APTOS,train
392.0428960177363,77.65925940688776,38.737882650677285,IM002322,Messidor,train
145.22264644038128,92.2045599489796,37.6396634962366,IDRiD_061_test,IDRiD,train
695.8885614457898,74.68969228316327,41.47557527034527,20051214_56438_0100_PP,Messidor,train
402.26062445737875,82.40846221301021,44.33770744678986,d2cd47ed2c1d,APTOS,train
318.45043771776346,63.61415816326531,34.21902231220298,beeca5f14618,APTOS,train
443.2716724148694,75.36108896683673,40.136733124959896,20051021_51561_0100_PP,Messidor,train
280.0085494590769,77.86441725127551,38.726194812704804,20051130_59993_0400_PP,Messidor,train
459.03271165186044,88.2710259885204,45.76752865994964,20060407_45477_0200_PP,Messidor,train
594.0086535557465,88.96886957908163,38.91303480875008,IDRiD_281_train,IDRiD,train
183.6597006089585,68.55749760841837,37.306178563507025,5056fa7d505f,APTOS,train
247.93486996562913,80.23214285714286,41.42195577180941,20051130_59749_0400_PP,Messidor,train
89.91347740233712,77.4536431760204,34.02379382429202,IDRiD_090_train,IDRiD,train
530.7925342065698,84.59793526785714,44.888034946114715,IM004423,Messidor,train
346.6292099319166,85.09207589285714,34.78706941793341,IDRiD_042_train,IDRiD,train
763.4402591652891,96.87213010204081,44.15537495944977,IDRiD_222_train,IDRiD,train
268.15037548973976,67.69092793367346,32.76278452805555,6daef3e5ca22,APTOS,train
493.368555349392,77.65206473214286,41.26661397850461,IM004406,Messidor,train
481.7922646400582,89.60630580357143,45.97102565089237,IM002027,Messidor,train
452.19586275061783,95.83292809311224,48.359433971438065,201f6e10c108,APTOS,train
397.53941430850904,86.88028140943878,44.35792011285483,1409ab48175a,APTOS,train
212.2149364704988,104.30408960459184,43.858977384090885,IDRiD_237_train,IDRiD,train
723.3095665943221,106.16390306122449,46.9117007816312,IDRiD_316_train,IDRiD,train
560.2642518547563,102.00749362244898,43.51826637835847,IDRiD_018_test,IDRiD,train
738.3267918796847,91.68333466198979,43.28605580600985,IDRiD_221_train,IDRiD,train
615.2654865329238,89.31451291454081,47.77277129088845,20060523_50707_0100_PP,Messidor,train
350.90767072568775,72.47488839285714,37.84129984552623,20051205_58177_0400_PP,Messidor,train
325.9050897838969,96.8778300382653,25.248802246252154,3b185ac445d0,APTOS,train
354.97373604248185,105.1571269132653,51.43593410749608,35362d43e753,APTOS,train
234.78596687714094,82.43082350127551,33.432899469055066,IDRiD_100_test,IDRiD,train
473.40137341517993,99.34620137117346,50.52601282762456,20060530_53742_0100_PP,Messidor,train
545.0369167478817,93.55909199617346,48.403508644310755,20060523_43333_0100_PP,Messidor,train
572.4445323634277,96.31407445790816,49.50094967841775,20051214_51071_0100_PP,Messidor,train
499.4764600286678,97.31411431760205,49.78510225292812,20060410_41767_0200_PP,Messidor,train
539.3722514284,74.76163903061224,46.00228433760507,IDRiD_184_train,IDRiD,train
341.7436336559437,93.70244738520408,46.63631141588809,64b9206afb3f,APTOS,train
207.53943984362547,58.45332429846939,30.64565977362079,6f3b62e5b7f5,APTOS,train
318.1496444997664,61.829799107142854,33.646635959267286,20051020_64653_0100_PP,Messidor,train
266.6402833311819,99.22277582908163,46.054764906696676,IDRiD_022_train,IDRiD,train
1053.244792326149,108.84937021683673,48.84160993182145,IDRiD_195_train,IDRiD,train
381.0227775510179,104.22977120535714,43.19530786425572,IDRiD_128_train,IDRiD,train
442.0241802363334,97.40752551020408,50.1972525990641,20060530_53522_0100_PP,Messidor,train
253.29610597069487,64.88771524234694,31.259699192411233,IM001643,Messidor,train
413.0425114804434,102.29470264668367,51.86851240166838,529906ff9dfa,APTOS,train
183.65017983636375,64.67227359693878,35.16543980429118,1d11794057ff,APTOS,train
573.6253739833236,91.11212531887755,49.53870577837122,20051216_47024_0200_PP,Messidor,train
465.8050186748258,87.08404416454081,44.740536572086995,20060530_55746_0100_PP,Messidor,train
350.9828409467424,96.02576929209184,49.454416498737245,6966abf40b8c,APTOS,train
327.4278386249884,93.67143654336735,45.27483993209025,6b3860e8f64f,APTOS,train
364.6140075895698,93.17956792091837,48.90179551440515,83038ca49b6d,APTOS,train
458.76363370856467,75.53740832270408,39.71367793863106,20051021_40074_0100_PP,Messidor,train
578.7507013827749,99.65369897959184,51.28035256335151,20060407_44510_0200_PP,Messidor,train
520.1384761763433,94.46992586096938,40.013443068029105,709784f7fcc2,APTOS,train
471.2633441748692,86.65272241709184,43.383981328825136,415f2d2bd2a1,APTOS,train
280.85706468484443,90.45372289540816,49.51160154459986,ab1c20a94f3f,APTOS,train
405.94747814065664,80.51072225765306,41.35110768736391,IM001513,Messidor,train
1038.4510644752254,100.04364636479592,45.81208158864467,IDRiD_305_train,IDRiD,train
290.809049889526,82.6317362882653,40.994784664896976,5b32ece9c627,APTOS,train
508.57502430570656,79.64313616071429,42.102692534707906,20051214_52204_0100_PP,Messidor,train
314.9311494517455,64.13177614795919,36.04348797871578,e68746d426b2,APTOS,train
330.34544434203843,74.48660714285714,38.17741070708167,20051110_33960_0400_PP,Messidor,train
282.94160484781065,75.85622608418367,39.207635686039424,IM001329,Messidor,train
196.04423904538103,65.39048549107143,36.24326726977937,IM004765,Messidor,train
82.81065639859685,55.876534598214285,29.64366397481863,76cab26493f1,APTOS,train
553.3271415167081,83.16531808035714,44.678825618808844,20060523_45662_0100_PP,Messidor,train
213.5312819852277,92.55155851403062,38.7321903552727,IDRiD_133_train,IDRiD,train
609.3533342592619,106.68516820790816,55.15674405061807,20060412_60773_0200_PP,Messidor,train
344.99352928202933,86.07318239795919,44.00815582256266,IM001597,Messidor,train
469.98671655325234,107.78573421556122,44.42155178699513,IDRiD_380_train,IDRiD,train
454.8501032472203,104.76682079081633,38.927125066116005,07f5d7baf907,APTOS,train
529.8278112824586,91.06014827806122,45.447813547276546,10bf25731c08,APTOS,train
611.4291098867541,97.44668765943878,55.98671436063145,b9519abce0c1,APTOS,train
377.684789590069,90.11983816964286,43.82652936977883,bc7bf19b84e3,APTOS,train
311.54846404781443,103.93459024234694,41.727811426386275,IDRiD_027_test,IDRiD,train
432.1703458318905,94.01167889030613,47.855161613642125,20060412_63088_0200_PP,Messidor,train
244.29989935427295,80.48114636479592,40.75908948207488,IM001854,Messidor,train
414.2776589669668,91.83510044642857,45.648863626824216,57a710de68a4,APTOS,train
494.8163032944825,87.60365513392857,38.57451854191781,IDRiD_084_test,IDRiD,train
236.65512583048232,60.9455715880102,33.43894009034333,0cecc2864b7f,APTOS,train
548.3239030941286,103.28471779336735,44.336934962281376,IDRiD_266_train,IDRiD,train
370.1269976458218,83.40718670280613,42.23389355903798,c6f5b5b5be41,APTOS,train
413.44458724041374,81.15238360969387,41.93419297038317,IM001401,Messidor,train
512.8048766413017,83.22299505739795,42.46818566236496,35beb47fe159,APTOS,train
327.69467474489795,85.86102917729592,35.276630903583055,IDRiD_038_test,IDRiD,train
348.625654300418,96.19302056760205,47.72600001804543,61c667663f2f,APTOS,train
422.62674934573096,78.04902742346938,40.79812732138138,20060529_56968_0100_PP,Messidor,train
462.61430439438635,93.9149394132653,46.83234389115541,15b21c80cc31,APTOS,train
352.82955628839545,77.68953284438776,40.20606587608418,IM000412,Messidor,train
335.29015034449594,68.14281728316327,35.435974914585024,IM001673,Messidor,train
449.19362710565883,71.30522560586735,38.73152036056024,IM004538,Messidor,train
455.90220240442414,66.88679846938776,39.0678815209619,20060530_55468_0100_PP,Messidor,train
244.5293300804224,98.70493861607143,37.817801064207984,IDRiD_085_test,IDRiD,train
245.63367375251107,72.42747528698979,35.36176976471969,IM000101,Messidor,train
497.73694110403255,89.82079081632654,46.13820744982712,20060412_58314_0200_PP,Messidor,train
465.57855855043306,94.60921556122449,24.834062455790942,06024377d573,APTOS,train
318.19170013739136,74.552734375,38.016377353492565,IM001461,Messidor,train
535.9120886662463,76.25544084821429,43.199205745543146,IM002070,Messidor,train
475.74804054365114,82.91019610969387,43.3295534498314,7eeb191ad06b,APTOS,train
400.26348803233026,94.37151227678571,34.152727472906996,01eb826f6467,APTOS,train
629.273218246263,100.27325813137755,52.10225424218572,20060407_45107_0200_PP,Messidor,train
376.7077611929574,72.02074697066327,40.444729890418,658ad9f09f5d,APTOS,train
256.7425285809639,74.63849250637755,36.4941345885403,IM001630,Messidor,train
527.6424765930429,89.99158960459184,48.65351774495989,IM003146,Messidor,train
279.7178567948316,92.12115353954081,42.470525143582144,e34fa07bd64d,APTOS,train
366.9014693402787,91.73122608418367,50.872115783414756,20060412_61501_0200_PP,Messidor,train
372.35270556188135,68.93339445153062,35.07936104540638,a9bc2f892cb3,APTOS,train
210.11929205585054,78.52871890943878,42.01418210851188,IM002982,Messidor,train
201.3284914107285,80.9989237882653,45.24793736619758,51e656e5a541,APTOS,train
584.0661644572172,86.95752949617346,45.79347835385324,20051214_51308_0100_PP,Messidor,train
236.26911958641236,67.26171875,35.36579279264104,IM003406,Messidor,train
703.6483711515154,110.15013153698979,40.12745956801365,17eff993386f,APTOS,train
710.010977830851,93.55127949617346,50.34964642662073,20060523_43174_0100_PP,Messidor,train
351.44010938003333,79.86403858418367,40.36504902191844,IM002414,Messidor,train
381.19835921815417,70.49473852040816,38.86596133679391,IM003773,Messidor,train
346.23883796224794,86.50583944515306,40.07218014424877,IDRiD_271_train,IDRiD,train
155.01955327546779,66.25322863520408,35.368316595746904,IM000356,Messidor,train
379.9677807106072,87.55464764030613,43.6211089164374,0daddc45d832,APTOS,train
402.14196333593253,81.96213329081633,42.37696449726717,IM000108,Messidor,train
563.8533485536524,75.20806760204081,39.78477948331807,20051205_59379_0400_PP,Messidor,train
698.3514444552973,95.53918207908163,49.838520127399136,20051216_43913_0200_PP,Messidor,train
395.56407872700083,92.22482860331633,47.2998988060994,4927945ecfed,APTOS,train
454.5135953931797,99.80315290178571,30.010345374626453,698d6e422a80,APTOS,train
326.8541464894973,96.1920240752551,47.656372082487266,12ef75375322,APTOS,train
320.778631267921,81.97257653061224,42.49642942152113,6c00dd8bf708,APTOS,train
747.2757875056428,94.7778619260204,49.31205422596753,20060523_49515_0100_PP,Messidor,train
610.5074374919035,106.27686543367346,39.751134051125064,0af296d2f04a,APTOS,train
268.49687506704714,64.96629862882654,34.140864269984576,0e94cd271c00,APTOS,train
264.4065497703028,67.40025111607143,24.518513428308303,0097f532ac9f,APTOS,train
475.6002823628271,82.23620854591837,42.11831544992228,20051201_38137_0400_PP,Messidor,train
399.4947041960767,87.62918526785714,44.00682558382322,1509d097b69a,APTOS,train
349.8363935922593,93.47225765306122,48.680925394477626,20060410_44623_0200_PP,Messidor,train
338.2359923835795,71.50954639668367,37.05376114067076,20051205_59538_0400_PP,Messidor,train
389.03269069247426,84.39574697066327,41.63460319976392,5de4615a5161,APTOS,train
346.5246887647923,90.46390704719387,44.22899517942863,3abac0961bfd,APTOS,train
390.51936490592334,83.65754544005102,44.98239553502596,20051110_35332_0400_PP,Messidor,train
134.83497570654293,56.38749601403061,30.10396026851017,27f82ada84ac,APTOS,train
357.2896333970114,91.86700813137755,44.95410729067935,a2163f0c2af5,APTOS,train
518.492484871222,85.31945551658163,44.972763699812816,20060407_45932_0200_PP,Messidor,train
385.96685033319187,83.49412069515306,43.66563436929034,fa9f1bc03f21,APTOS,train
488.3625281293011,86.39032605229592,45.75408825973682,20051205_59715_0400_PP,Messidor,train
447.6804411986231,91.11521444515306,45.2649083608491,e9ce5bf645ab,APTOS,train
175.04016148234743,68.09771603954081,33.86571006379995,IM000938,Messidor,train
613.3592994226013,96.02499202806122,42.54717675803714,IDRiD_144_train,IDRiD,train
356.4134837364664,61.60704320790816,32.31067829770466,bfefa7344e7d,APTOS,train
596.9254509585443,109.9832987882653,48.56917791290947,IDRiD_162_train,IDRiD,train
299.8134332201671,84.08482142857143,46.5691820383466,1002b5151b8e,APTOS,train
406.19788643043773,83.59476642219387,41.470246170908304,f71bea807c96,APTOS,train
317.3070939511669,64.51213727678571,33.25297663916847,0b2ea8f268cf,APTOS,train
330.3770627137375,73.94341916454081,37.93261733086076,IM001328,Messidor,train
626.4756725486842,93.5621412627551,48.6620875960255,20060410_41901_0200_PP,Messidor,train
450.1478860673186,83.22265625,44.46149107422991,IM002697,Messidor,train
344.76035495322725,89.55329241071429,45.78522491278566,20051116_43585_0400_PP,Messidor,train
245.23768863574708,71.60859773596938,37.12987739246793,0b64a0a06f9a,APTOS,train
482.52487854836437,99.96518255739795,36.77946867866951,0a61bddab956,APTOS,train
752.0251541483259,103.08422353316327,53.70492890952445,20060407_40957_0200_PP,Messidor,train
265.12075974553,78.75633769132654,41.06706182740573,20060523_49191_0100_PP,Messidor,train
242.89451532351973,109.03103077168367,45.8317683948828,IDRiD_095_train,IDRiD,train
172.96712362622284,59.82469706632653,31.684206029796425,441848e0f308,APTOS,train
126.32585390623983,63.31407445790816,36.26527967378438,dd3176bacfe2,APTOS,train
490.9569476094658,66.65852200255102,41.68891582957172,20051021_51476_0100_PP,Messidor,train
391.72702932615965,74.46747448979592,39.17305602943908,IM000107,Messidor,train
293.5780284103876,74.66424186862245,37.71508748121545,20051205_59337_0400_PP,Messidor,train
401.2504879698461,114.60427295918367,49.84492022566637,IDRiD_061_train,IDRiD,train
730.6054589626242,87.53228635204081,56.086454015045184,IM003412,Messidor,train
448.95673303274447,78.73798230229592,41.666690855646536,IM003688,Messidor,train
291.79337472172887,61.376395089285715,32.7797003833387,cd563556cb57,APTOS,train
290.9512113084996,73.29484215561224,38.101643717940654,IM000449,Messidor,train
597.919390730836,78.48848054846938,41.51736591053405,d67374d3fa2a,APTOS,train
167.22522973239745,69.11541374362245,28.74162361304518,IDRiD_086_train,IDRiD,train
347.80209464820314,92.01640226403062,47.79352520913256,20051116_43388_0400_PP,Messidor,train
418.0705044518804,86.1069036989796,43.879144433070095,266fbefa58fb,APTOS,train
351.7569205376666,79.9891581632653,41.066813138873435,IM000992,Messidor,train
405.0201440149424,96.38175621811224,49.28255814081634,847b04287c9c,APTOS,train
233.34860987665257,76.42101801658163,39.124115434473005,IM000896,Messidor,train
242.0983426031695,96.98264110331633,39.37443256606466,IDRiD_361_train,IDRiD,train
786.5479069220825,92.69991629464286,49.77488157785945,20060523_50019_0100_PP,Messidor,train
921.9170790739429,105.97072305484694,46.11707534002867,IDRiD_262_train,IDRiD,train
319.5981384108137,105.05769690688776,42.11507908279223,IDRiD_351_train,IDRiD,train
373.6849958998916,80.00117586096938,41.7410587592189,IM000805,Messidor,train
349.6057767089532,90.64839764030613,46.13384585012954,ba4e62c11cc0,APTOS,train
550.5934099962392,103.13560267857143,53.64974991965596,20060411_62298_0200_PP,Messidor,train
396.8298457982589,89.35851801658163,44.13714630264654,90bde2ff8953,APTOS,train
244.14096199577423,67.82264429209184,26.4755798417466,094858f005ab,APTOS,train
255.70562603969168,88.65234375,42.619172718608354,d9ad2a0ec026,APTOS,train
379.10669684896664,90.14122289540816,45.013438968715114,d5c63a8d9e94,APTOS,train
319.75849017795053,86.87017697704081,45.5455373536442,20051202_48421_0400_PP,Messidor,train
277.027990396,72.2954400510204,40.93957688606376,2b10f138e67d,APTOS,train
565.8214228708315,91.82700892857143,47.32334447719828,f35d80bb1a22,APTOS,train
386.65476797462156,89.42045998086735,44.45400379448229,3f98be586fe3,APTOS,train
449.8246028789726,84.10140306122449,43.52818588893201,20051201_38103_0400_PP,Messidor,train
291.0467770269442,76.90148676658163,41.34994416002244,IM003949,Messidor,train
359.68335204976444,82.49123086734694,42.60234108019214,IM001926,Messidor,train
445.9208000112405,90.04834980867346,34.28366713549961,12ce6a1a1f31,APTOS,train
609.9257097125103,128.96420599489795,68.21012949455674,20060410_44770_0200_PP,Messidor,train
319.10776492765876,64.61497528698979,36.58308734547631,20051116_43710_0400_PP,Messidor,train
451.87637293353674,79.13691804846938,41.176796462384445,20051130_60186_0400_PP,Messidor,train
206.20598883789708,78.95784837372449,31.95298391369931,11242a67122d,APTOS,train
123.02636718749999,51.955935108418366,25.92904858796233,IDRiD_030_train,IDRiD,train
332.2280552139982,87.6996771364796,43.788190655011505,6504b703c429,APTOS,train
320.0092733383973,76.62165178571429,38.78607331721713,IM000249,Messidor,train
552.6943802803767,91.91296635841837,48.98173982554963,20051216_47383_0200_PP,Messidor,train
281.6250617814928,91.87069515306122,45.968054592419506,IM000473,Messidor,train
415.53713340989657,74.54573899872449,37.92979757111594,IM001440,Messidor,train
320.9745369704254,69.23475366709184,35.57994931557232,IM001301,Messidor,train
390.50717442991936,109.14102359693878,54.91886991499838,20060411_58571_0200_PP,Messidor,train
368.30402325014927,78.61581234056122,32.96301515024287,0e0fc1d9810c,APTOS,train
471.98155918304053,90.13588169642857,45.7973548496892,7a9f45fdf29b,APTOS,train
352.69031971109655,84.46721540178571,40.793210935901286,5d6239c0fd39,APTOS,train
163.23914481579683,73.56660554846938,38.16228662516329,IM000379,Messidor,train
666.8850416650578,102.56975446428571,53.33215946767608,20060407_41330_0200_PP,Messidor,train
420.5305346036543,81.28946109693878,40.901065503721114,8e67f2d7e0ee,APTOS,train
387.0361027616305,78.19535235969387,39.563275564103314,IM000860,Messidor,train
925.8509032882188,86.58972417091837,50.35838161426405,20060530_55451_0100_PP,Messidor,train
437.9111336005424,93.33286830357143,47.15538389475114,20060530_54653_0100_PP,Messidor,train
527.4999461267353,89.58207110969387,45.98652155624687,a673193cd5a9,APTOS,train
613.3383741140464,80.00546077806122,43.0216954659697,IM001160,Messidor,train
517.504082215026,87.65796396683673,45.93853123790415,8010c931321f,APTOS,train
304.48555263406485,78.29707429846938,39.44571512061221,IM000248,Messidor,train
249.17161731012956,83.03132971938776,30.59355188151164,03ff7d159f10,APTOS,train
334.0497356384608,74.26749840561224,39.07806007346765,IM001453,Messidor,train
179.8283468466508,56.360770089285715,33.5466662035708,099021fac3c9,APTOS,train
504.61047984659047,77.63081951530613,41.050616645879586,IM003019,Messidor,train
500.53138400494475,96.95938297193878,48.589893012185186,ff1e940105f9,APTOS,train
365.9413529427436,74.6922831632653,39.533221156601414,IM002455,Messidor,train
406.9971871012601,74.59510522959184,42.72845778714407,8ee50c26fc13,APTOS,train
700.5603131822921,90.45149075255102,46.27882055189329,eae70f527755,APTOS,train
489.389451757365,67.69323979591837,36.56878934517918,20051020_53178_0100_PP,Messidor,train
347.9919484431224,87.08061623086735,43.49467700948934,8d13c46e7d75,APTOS,train
297.4263300262159,71.4559550382653,36.487926702597136,IM002285,Messidor,train
789.2861882547,89.51472815688776,47.46810008907128,20060522_43758_0100_PP,Messidor,train
221.28320172010785,75.65840242346938,38.923527026529776,IM004291,Messidor,train
306.5264409060083,86.26502710459184,42.06864580199158,20051205_59651_0400_PP,Messidor,train
506.3199088427486,98.63630022321429,51.429436346190954,99240ee00485,APTOS,train
158.63505663984967,62.976781728316325,30.111170622800113,7131bf4c9e6f,APTOS,train
504.7701490498344,87.90730628188776,36.79420191867913,0ceb222f6629,APTOS,train
707.0528990949307,92.22068319515306,41.305374902478064,IDRiD_089_test,IDRiD,train
294.41471585707086,75.16356425382654,36.941698755025655,IM000312,Messidor,train
471.92270310547684,76.35602678571429,40.83623456688096,IM004653,Messidor,train
810.4255924248686,96.1321946747449,53.37033428009173,77ab222bf85c,APTOS,train
296.6971525659367,77.71408641581633,39.47102052557727,IM002276,Messidor,train
484.7859894888742,107.75081712372449,48.681312290697605,IDRiD_310_train,IDRiD,train
306.0302148899998,73.32116948341837,39.18861461980774,1df0a4c23c95,APTOS,train
229.23504834252563,62.725506218112244,33.944847011803965,486e852a3b4d,APTOS,train
553.7808375865011,74.98686623086735,40.912645892514725,20051116_54832_0400_PP,Messidor,train
183.94805249766677,69.06230070153062,36.155609000281856,94f9ecf4b8d2,APTOS,train
402.2748340875196,89.48060825892857,44.35188144815269,586f5c56081e,APTOS,train
441.37382657306483,80.04593829719387,42.289483477473134,20051214_52242_0100_PP,Messidor,train
528.0774902810856,86.55600286989795,51.479181414426954,8c84e96d9b01,APTOS,train
266.0415531954434,64.92839205994898,34.35805522549518,IM002704,Messidor,train
509.4319110566107,92.31226084183673,47.09170221930349,20051216_45076_0200_PP,Messidor,train
441.0329253205851,91.8002630739796,46.84717078591916,b46b09a45f39,APTOS,train
387.1485216676171,83.41655373086735,44.122426910705805,20051205_57838_0400_PP,Messidor,train
182.87819223113974,75.57192681760205,37.938034369900976,IM002487,Messidor,train
336.0690726419629,70.70685188137755,38.45431363542482,1a7e3356b39c,APTOS,train
159.07720474440174,80.00261080994898,33.805828452327745,IDRiD_003_test,IDRiD,train
662.759864851218,99.35985331632654,43.62555243324759,IDRiD_226_train,IDRiD,train
525.4312407681466,99.29645647321429,28.646122095392464,12e6e66c80a7,APTOS,train
316.4949482282665,83.8431321747449,41.29045738763429,4f6abc40c72d,APTOS,train
307.8792419417706,80.61417809311224,39.33701345127912,721214151233,APTOS,train
379.5909523080161,78.72648278061224,40.72625681858262,05113073b268,APTOS,train
346.6376425835651,87.78248565051021,42.447381716807435,55968f0e63c4,APTOS,train
472.0957220745603,82.72058354591837,42.332543696849804,75238d945315,APTOS,train
333.2021641840492,80.95268654336735,40.14981353707414,IM000697,Messidor,train
226.48341190690846,102.33262914540816,24.209942201713297,453a1e2754b2,APTOS,train
338.8466788168402,83.79956552933673,42.1624786982861,5c817060c0ed,APTOS,train
579.5755081967183,115.2470703125,60.05601261003388,20051216_45619_0200_PP,Messidor,train
399.6316723833477,84.4336933992347,44.17071929862773,ed2c52c14493,APTOS,train
473.4047953483712,89.11509486607143,44.78515364925485,d88c4843aec3,APTOS,train
418.1193865859871,86.53615274234694,43.19061215559035,6324d77cf926,APTOS,train
576.8570691306907,85.13572225765306,48.93144130404526,248dec89b3a2,APTOS,train
403.80675997807555,97.76124043367346,42.37822384708051,IDRiD_288_train,IDRiD,train
316.27297474393646,86.9271165497449,42.44248163284593,20051205_59617_0400_PP,Messidor,train
381.56743915078044,92.60738201530613,45.84830327264401,af7a36454670,APTOS,train
465.87895968277127,91.14453125,46.083795807600865,9122b31414d3,APTOS,train
321.8067889406203,76.93058434311224,38.88564998067263,20051130_59930_0400_PP,Messidor,train
720.1577128974759,85.41944355867346,45.75954450606024,20060529_56255_0100_PP,Messidor,train
182.82273068084464,84.70980149872449,37.25447295740049,IDRiD_072_test,IDRiD,train
319.05182316242684,65.25787228954081,35.327524230275536,e01b7bac822b,APTOS,train
426.9364683190171,73.20565609056122,39.86293201594527,IM004537,Messidor,train
293.66906620352927,54.39566725127551,29.024286313212237,IM002529,Messidor,train
215.4620137117347,96.6352838010204,40.396241158011755,IDRiD_032_train,IDRiD,train
320.9928267533359,81.77469308035714,43.050215192105654,20051205_35162_0400_PP,Messidor,train
488.74528933504826,75.42474489795919,40.8246360124272,20051214_51211_0100_PP,Messidor,train
294.84908467816695,70.75324856505102,36.26578649112565,20051202_37162_0400_PP,Messidor,train
308.3643769050131,66.82814492984694,36.068919835665284,20060523_45216_0100_PP,Messidor,train
327.15698290486876,88.0247727997449,42.527507465768494,4826d10030b3,APTOS,train
192.22810098718773,59.97929288903061,31.27366753160788,b67ae80f7eba,APTOS,train
298.2958443100281,86.02024872448979,36.580052973935004,IDRiD_350_train,IDRiD,train
492.40634347795697,110.46012037627551,55.47032895152697,20051208_39462_0400_PP,Messidor,train
222.31609503639982,73.06389508928571,38.3328967912668,IM004748,Messidor,train
272.7770484942588,95.32631138392857,45.33472587906486,cbe633765ea7,APTOS,train
596.077966449361,112.2231744260204,45.19518524210768,IDRiD_354_train,IDRiD,train
478.0219296630548,96.42221380739795,50.12306292070686,20060410_40146_0200_PP,Messidor,train
619.0149458849843,82.25544084821429,45.30939842803657,20060523_43105_0100_PP,Messidor,train
476.11380213610795,89.52917729591837,45.43889814567532,6155cf375354,APTOS,train
472.10224692079726,85.99091198979592,44.16960537406257,20060523_48728_0100_PP,Messidor,train
964.8825386866388,115.69493383290816,61.597472932898434,20060407_44173_0200_PP,Messidor,train
652.86920160574,102.27090640943878,52.49388413591848,20060411_59728_0200_PP,Messidor,train
306.39218256424886,74.25350765306122,39.16791525715631,20051130_55074_0400_PP,Messidor,train
183.73150585791012,62.59813456632653,29.916883287536074,IDRiD_092_test,IDRiD,train
487.83424791004796,89.19246253188776,45.14498689714011,4a5a6efc0bef,APTOS,train
217.98057124000053,77.30383051658163,29.167143837734994,064af6592ba6,APTOS,train
476.7835453117654,86.90957828443878,44.573549494139094,b77b88926843,APTOS,train
402.70418942764076,90.85586734693878,45.44675958355742,5b994ff78547,APTOS,train
304.8292251703691,66.32804528061224,38.69782077073026,837acf120946,APTOS,train
524.9113121616598,77.02782206632654,45.42137104790432,da0a83f074f3,APTOS,train
529.4878914291686,69.35811941964286,38.523321715690756,IM004529,Messidor,train
195.9838665628969,53.954858896683675,27.311953727156023,5b804948e35f,APTOS,train
230.38677404007282,63.53910235969388,33.40138274508299,IM004398,Messidor,train
567.7852098078888,107.15176578443878,55.51602331343857,20060411_59638_0200_PP,Messidor,train
362.3451921541658,83.67841198979592,40.665346638736914,cb2201c226d6,APTOS,train
486.17462479735553,103.10805963010205,52.716891725934424,20060412_60454_0200_PP,Messidor,train
321.9709808972417,77.6390306122449,38.34004416814604,IM001224,Messidor,train
561.2969563399588,86.02439413265306,46.14377325857235,IDRiD_179_train,IDRiD,train
505.62691446008006,87.26937181122449,43.39266221356301,e4a44f9158dc,APTOS,train
244.2812639651126,77.58926578443878,39.031150731313886,IM002973,Messidor,train
396.37773910833863,96.09727758290816,41.095139261289425,12b57dac703e,APTOS,train
442.2568890123951,85.9184869260204,42.67209599792369,e12df54e0d1e,APTOS,train
258.79304606355464,64.98054846938776,32.55794267462677,IM002666,Messidor,train
465.01256215239704,93.15802375637755,47.36524210547786,15f8d769935c,APTOS,train
262.20947590652776,90.61077008928571,37.41361445134445,IDRiD_410_train,IDRiD,train
316.1391551034841,83.62605628188776,41.72094212262603,IM002149,Messidor,train
173.26302338599766,90.45180963010205,37.79782864821578,IDRiD_392_train,IDRiD,train
319.227298885919,84.73459422831633,43.83880804932766,a7c10ca6c117,APTOS,train
333.82499885479643,74.0731425382653,38.37064078116707,IM000413,Messidor,train
345.2087539853975,68.14231903698979,34.02954040436443,IDRiD_168_train,IDRiD,train
410.4165169307958,94.18596540178571,46.15979200792614,555d0bef3c5b,APTOS,train
543.9961942873713,104.09725765306122,41.585909421070646,IDRiD_329_train,IDRiD,train
492.25432539800465,79.23357780612245,41.518579215138026,eda29a9d78f3,APTOS,train
379.83008972598526,69.75296954719387,36.88134270120743,IM003244,Messidor,train
466.57557377900645,92.83165258290816,40.448308595479844,IDRiD_279_train,IDRiD,train
480.31934228632554,76.9268574617347,43.21371143335314,IM004168,Messidor,train
283.52512397074986,61.8020169005102,30.745943517919763,IM002530,Messidor,train
382.73679324121883,84.27987484056122,34.15513718312907,0953c0ac1735,APTOS,train
198.934917839206,109.07204639668367,42.88287605233039,IDRiD_097_train,IDRiD,train
485.5799828318445,95.46157525510205,46.58963818385752,IDRiD_183_train,IDRiD,train
564.2200742635763,92.00446428571429,46.77081512866485,1d3e9b939732,APTOS,train
508.59690533415176,94.6889349489796,49.07338102739666,20060411_62036_0200_PP,Messidor,train
582.7090499461665,85.10409359056122,49.1423918376556,e7578d8dba72,APTOS,train
394.0406927401103,104.23848054846938,37.13078238380675,1943983492e5,APTOS,train
555.9940391260105,76.4106744260204,40.94101179700181,20051214_57154_0100_PP,Messidor,train
352.8795366839338,84.25926737882654,43.72102953684571,20060523_49288_0100_PP,Messidor,train
326.0222535230675,72.8133769132653,37.812752587444805,20051202_55846_0400_PP,Messidor,train
532.0356082872568,77.75462372448979,41.3329631386706,20051202_55484_0400_PP,Messidor,train
785.7978798807884,92.6309590242347,49.42477419406671,20060530_55203_0100_PP,Messidor,train
305.2889123127789,91.03276466836735,36.42033513084185,IDRiD_134_train,IDRiD,train
383.5889711642156,90.49770806760205,45.35960380179394,976082127e2a,APTOS,train
385.64640095967746,83.7540058992347,43.432221612291194,a44345b27804,APTOS,train
146.6466853857934,62.24145009566327,32.328010204522364,be521870a0ea,APTOS,train
430.0256145545613,85.36017219387755,43.93514009943616,460893cd86e3,APTOS,train
736.1195733011986,78.85686383928571,42.19132493906153,20051214_40529_0100_PP,Messidor,train
806.704269933085,99.76763791454081,45.72689294332463,IDRiD_291_train,IDRiD,train
399.39705990612975,94.11100924744898,47.50442708929542,224c14366e11,APTOS,train
322.76962231616585,69.39217952806122,35.25992414487676,IM000985,Messidor,train
724.8028046184161,82.27401546556122,43.22914341170887,20051214_56534_0100_PP,Messidor,train
420.25666053292156,101.79215162627551,38.46770252072747,1c0e5dd1b14c,APTOS,train
515.9231952089709,91.85688376913265,47.154867180082775,639915f58a2f,APTOS,train
283.8053251534192,91.55351163903062,46.293071574374956,20060412_52777_0200_PP,Messidor,train
625.9111008900298,90.97881457270408,48.29783156744949,20060410_40481_0200_PP,Messidor,train
534.5556299844319,105.02746332908163,53.73807008897886,20060522_45718_0100_PP,Messidor,train
497.1499011855184,87.80996890943878,44.05518353949567,e66855a5c583,APTOS,train
696.61667021013,84.43191964285714,44.434521341097174,20060530_55816_0100_PP,Messidor,train
657.1195387071691,80.92741549744898,40.13024018866176,IDRiD_298_train,IDRiD,train
554.74019957403,120.58910634566327,62.35862671678266,20060410_39726_0200_PP,Messidor,train
502.19737340886616,88.52553013392857,45.90553242132947,e06cccc08c59,APTOS,train
476.8654407146125,100.09558354591837,51.14755494507757,20060412_59259_0200_PP,Messidor,train
257.6156424220926,54.373664700255105,31.096634878135596,20051020_62014_0100_PP,Messidor,train
280.3187961757108,74.04504145408163,37.470039106497,IM002252,Messidor,train
239.3613336091238,96.20932318239795,37.17158071161292,IDRiD_070_train,IDRiD,train
370.9479566619377,84.01108099489795,43.54800486426423,e7b5dd5bab1f,APTOS,train
401.40693650569375,75.96574059311224,39.411743896977555,IM002781,Messidor,train
393.5856042200205,71.83326690051021,37.38076737560159,3b10191dfd25,APTOS,train
423.87405068176275,88.65206473214286,50.92581673679456,103abbd8b63e,APTOS,train
571.4897075289243,101.43755978954081,52.37084841025505,20060410_40979_0200_PP,Messidor,train
309.30175462061044,67.42402742346938,34.13699971486087,c446985355f1,APTOS,train
495.95022145096135,76.23373724489795,41.206032035176854,20051020_55701_0100_PP,Messidor,train
481.4595876719146,95.49910315688776,44.92052797661915,IDRiD_252_train,IDRiD,train
406.89194221568084,96.07166772959184,48.944320222474296,20060523_49809_0100_PP,Messidor,train
526.7514743955868,90.76118064413265,41.16260387175188,IDRiD_075_test,IDRiD,train
509.0229183436929,91.28673070790816,46.292628031068034,e933923aab15,APTOS,train
361.4984102733728,79.21016023596938,42.29899073210322,IDRiD_182_train,IDRiD,train
445.84871904555087,88.43213887117346,44.580694429153546,45693d027798,APTOS,train
539.293373395482,81.02321827168367,42.73386518945463,20051214_40361_0100_PP,Messidor,train
588.3737042672135,92.12543845663265,48.87207832767138,20060410_44464_0200_PP,Messidor,train
530.7366622661066,90.94858099489795,47.08330953628351,88e4399d207c,APTOS,train
522.0126324581732,89.20282605229592,45.201254813203725,7828dd083cdc,APTOS,train
242.44375997660114,83.12276785714286,35.70067590849872,94111ed3d276,APTOS,train
576.0378486155868,93.80347177933673,48.927757389282135,04efb1a284cc,APTOS,train
463.75778094930774,89.84315210459184,44.92057581463442,a07d9a5045cb,APTOS,train
278.17809084304815,84.89263791454081,44.670245313132234,20051214_40912_0100_PP,Messidor,train
693.8562711233498,100.90730628188776,45.317115766296276,IDRiD_201_train,IDRiD,train
419.32099620583955,100.99184869260205,41.117432423310724,IDRiD_037_test,IDRiD,train
491.59578253298383,77.32698899872449,48.577641674306456,0d0b8fc9ab5c,APTOS,train
339.1658233871365,82.06403459821429,42.96449706615961,20051109_57451_0400_PP,Messidor,train
680.5575480109599,96.70756935586735,50.486362624063375,20051216_44660_0200_PP,Messidor,train
835.2320881247372,88.65509406887755,47.92999831919743,20060522_45248_0100_PP,Messidor,train
311.9990242728091,82.62928491709184,44.49104126545818,f91cfa82b9d4,APTOS,train
487.3467308324061,73.8402024872449,39.93150244190259,IM004133,Messidor,train
519.2204254889975,92.69341916454081,46.47578404514518,8660e1864665,APTOS,train
700.4934350585302,74.59869260204081,42.420884888151164,IM000712,Messidor,train
457.6074050397289,91.98066804846938,46.67472634179843,20060412_52840_0200_PP,Messidor,train
546.718884602729,97.89813855229592,50.77478557483248,20060412_52606_0200_PP,Messidor,train
372.38264246078296,67.6302415497449,35.94646207891343,IM002852,Messidor,train
227.07223811818878,100.07401945153062,40.21386274769166,09662e462531,APTOS,train
283.53071055795584,98.3720703125,43.99756278836914,IDRiD_301_train,IDRiD,train
442.84704291428295,95.7651666135204,37.97772815194309,IDRiD_370_train,IDRiD,train
173.14379293329765,93.09183673469387,36.790705066354285,IDRiD_398_train,IDRiD,train
209.8997077465256,69.20005580357143,39.05149636850469,014508ccb9cb,APTOS,train
337.1716953767732,106.1767578125,41.46030701593474,IDRiD_013_test,IDRiD,train
272.665679756476,58.673270089285715,33.4055062194802,20060529_57372_0100_PP,Messidor,train
318.3564493909373,97.25352758290816,26.108297788273834,add1d681d712,APTOS,train
422.671221426853,66.76957110969387,36.9764736261448,IM003424,Messidor,train
212.3740177543796,83.4692083864796,50.62560712877574,6ccfdb031184,APTOS,train
194.81769251317,58.01349250637755,29.37920951491725,26d60db3bbfd,APTOS,train
378.79466794580776,97.37715242346938,47.67764904461964,addf66a50f42,APTOS,train
326.24953647217916,77.1133808992347,39.02806083278225,IM000426,Messidor,train
336.211280349293,72.81136399872449,39.07344937365008,20051130_54956_0400_PP,Messidor,train
392.3750229672262,89.92049984056122,45.43747540954792,20060412_51656_0200_PP,Messidor,train
495.704384551948,79.36511479591837,40.38594625798235,20051205_58109_0400_PP,Messidor,train
156.33960636771258,81.31965481505102,31.408723204610812,IDRiD_093_test,IDRiD,train
422.6208431127915,93.86625079719387,47.99984085349344,ae2c3f6312ef,APTOS,train
311.7584511305282,92.08920599489795,38.12365460415894,IDRiD_105_train,IDRiD,train
258.22136174892694,64.62013711734694,35.01456848011333,IM000690,Messidor,train
356.3179499007721,73.27798150510205,38.72581657575269,IM003381,Messidor,train
295.07254258377856,71.40230389030613,36.35808654294858,IM000405,Messidor,train
635.9085731601676,88.13677853954081,44.644820110612244,28dc010a0780,APTOS,train
497.218686641628,95.94527264030613,51.177558098634016,IM003147,Messidor,train
487.62208642764966,72.3741230867347,37.572709846636606,20051201_38291_0400_PP,Messidor,train
296.7189422883078,70.22917330994898,36.715699703988285,b9fe7da14a32,APTOS,train
403.99275890661755,70.70886479591837,35.751998251911445,20051116_44615_0400_PP,Messidor,train
334.0005039340603,65.05996890943878,36.20155887508545,IM004639,Messidor,train
700.5225910498965,85.79292889030613,45.38467390059317,20060523_50135_0100_PP,Messidor,train
424.47626525508724,81.79344706632654,32.12795143144843,03c85870824c,APTOS,train
415.0464571277979,85.46115672831633,46.554146433938534,050bb1eafa76,APTOS,train
490.0141098101107,106.42464524872449,56.22205957924682,20051214_41289_0100_PP,Messidor,train
352.5668737970755,90.5893255739796,45.884320279071865,80c67efc8101,APTOS,train
365.4942708235887,97.06421396683673,47.84851107828017,86410aa13b3e,APTOS,train
321.7630029795121,77.1383131377551,40.666408475263026,20051130_59869_0400_PP,Messidor,train
370.772161824164,114.56939572704081,46.448876561768586,IDRiD_404_train,IDRiD,train
420.73853356974263,75.01566485969387,39.45910137029804,IM004569,Messidor,train
444.56594666715773,82.90122767857143,42.66829497569725,IM001322,Messidor,train
307.1931786829112,84.6356425382653,33.466478721858216,0dce95217626,APTOS,train
520.0907523593323,98.10313695790816,49.724434206811814,20060411_61196_0200_PP,Messidor,train
291.87118339459136,62.566386320153065,31.93657295370646,IM000587,Messidor,train
407.05791344338786,95.36112882653062,46.87173890562388,7c6594b50690,APTOS,train
534.0209730304017,71.92042012117346,38.05176274170218,20051021_39719_0100_PP,Messidor,train
346.63427602147516,63.3913424744898,35.5599342038616,ea6a53e54d0f,APTOS,train
87.55881459888744,59.163006218112244,27.968402536086337,IDRiD_148_train,IDRiD,train
214.85752617582983,65.08404416454081,36.86858097282264,IM004669,Messidor,train
459.45319172780944,95.37360491071429,40.85965501434267,IDRiD_396_train,IDRiD,train
391.7635217767514,75.36330117984694,40.53747645605133,IM003909,Messidor,train
502.7040476447491,91.63885124362245,46.518260431353035,883ddb650967,APTOS,train
344.2790615327256,84.5522161989796,34.77987596116721,IDRiD_093_train,IDRiD,train
244.41207218090727,88.2596659757653,36.87864253995744,IDRiD_077_test,IDRiD,train
461.30584332943954,91.6474609375,45.747620322341525,f4d3169b468a,APTOS,train
332.79088971615823,73.33262914540816,40.53797105196298,20051109_57843_0400_PP,Messidor,train
426.27236664528556,90.94810267857143,46.3807383362917,20051205_58502_0400_PP,Messidor,train
314.87177790070217,104.03140943877551,41.061193042018274,IDRiD_014_test,IDRiD,train
357.0898659005855,88.30201690051021,44.74571437352306,32ed318235b8,APTOS,train
491.63563620691644,93.84520487882654,48.763349883069715,0304bedad8fe,APTOS,train
599.9830056678649,113.83998325892857,48.99129155584356,IDRiD_368_train,IDRiD,train
190.23035731150776,59.81841916454081,32.183453597266215,e25ccfe38e44,APTOS,train
604.6200244272812,78.38068000637755,41.614960282427276,20060523_48182_0100_PP,Messidor,train
353.5081475383786,95.52248086734694,46.67679025764316,2fdfb80ea53c,APTOS,train
439.6370165152432,92.02018893494898,47.10454352966147,3dec415b188a,APTOS,train
351.27335563891637,98.31479193239795,48.027217878567235,99c6a123ed6a,APTOS,train
350.3007814910997,71.00713488520408,35.46630297167464,IM001117,Messidor,train
502.7533120135871,70.35827885841837,39.52533815321107,20051020_61757_0100_PP,Messidor,train
915.285187526625,94.38677853954081,44.079869475243044,IDRiD_234_train,IDRiD,train
556.1683094921534,72.00645727040816,38.63877581612758,20051021_40450_0100_PP,Messidor,train
354.5087083628256,70.85152264030613,37.346496473717764,20051213_62314_0100_PP,Messidor,train
717.6061303354412,66.07575334821429,39.166165266776744,20051213_62383_0100_PP,Messidor,train
446.4434927920906,84.76560507015306,42.847048262707794,dec5595e6154,APTOS,train
413.63167395029694,113.06564891581633,57.61436741887387,20060412_61081_0200_PP,Messidor,train
204.51851524049565,74.81144371811224,32.29232641487662,0c7e82daf5a0,APTOS,train
428.77141132696323,86.5409159757653,42.598369613637445,9519a590985d,APTOS,train
418.83891233748466,76.69461495535714,38.847403088766306,20051130_59916_0400_PP,Messidor,train
138.69369314552,57.59185666454081,27.72667429834575,ed2ef440d22c,APTOS,train
368.05529542666386,90.70631377551021,45.20440666231957,7f1f3269f546,APTOS,train
232.33069307771333,75.61766581632654,35.70676742880615,IDRiD_374_train,IDRiD,train
191.54286728914158,73.88747608418367,39.79783110534791,5baed382f062,APTOS,train
294.057325406851,84.94822225765306,44.9419098471661,20051208_39524_0400_PP,Messidor,train
213.44158721853918,87.39305644132654,37.760078706785094,IDRiD_088_train,IDRiD,train
227.4703968144218,77.44595025510205,38.26273563558876,IM002501,Messidor,train
411.36933484846037,98.32983896683673,37.194468339656794,08a3875063c3,APTOS,train
257.7809869400018,71.98804209183673,37.87379993459164,IM001618,Messidor,train
499.20088883073856,112.8379902742347,58.562636811401475,20051216_47000_0200_PP,Messidor,train
432.4080175024824,106.1448899872449,42.29123646379347,IDRiD_395_train,IDRiD,train
430.13107733188303,77.84911112882654,37.74287384494378,1608c82a263f,APTOS,train
287.84463840939014,94.53898278061224,34.450739771106356,001639a390f0,APTOS,train
288.7730242571499,64.453125,35.21257074557943,IM003633,Messidor,train
398.3472458689672,74.67699697066327,39.32144836113981,20051205_58060_0400_PP,Messidor,train
384.57279508782153,88.9296875,46.396731428097574,20051202_54744_0400_PP,Messidor,train
381.79818507563516,91.78635204081633,33.25919214117686,070f67572d03,APTOS,train
332.1742287266011,102.94260204081633,42.52328591282395,2bbcfdc477db,APTOS,train
344.30176610561375,77.64449139030613,40.01381757651725,IM001758,Messidor,train
724.3402681739963,97.92566167091837,50.92260501165002,20060522_45455_0100_PP,Messidor,train
432.6266022936,104.41334502551021,41.8591614560439,IDRiD_399_train,IDRiD,train
327.57395822849935,95.59369021045919,40.55473652020866,IDRiD_056_test,IDRiD,train
317.7583449990091,67.11702806122449,34.5559502258948,IM002508,Messidor,train
503.9780680832392,88.91378348214286,44.87395742425198,8aa3c4681542,APTOS,train
418.5947619699925,89.32563376913265,44.30347301755849,e966850247f4,APTOS,train
337.74012196297355,79.71183434311224,40.639274477254254,IM000991,Messidor,train
565.0682550928385,95.41788903061224,49.11512753730303,afc744fad65e,APTOS,train
567.0715082908164,103.6078802614796,54.028980194114524,20060523_48499_0100_PP,Messidor,train
398.41500955817605,75.53653140943878,39.95316759711123,IM004343,Messidor,train
663.3388021040936,87.62968351403062,46.194493233992425,20060523_45316_0100_PP,Messidor,train
295.03332760869245,72.55464764030613,38.20981442783907,IM003826,Messidor,train
445.2706884013173,71.13901068239795,37.98683284871012,IM002523,Messidor,train
444.6936036486865,92.63594148596938,35.13267456214276,0c76fd494af6,APTOS,train
409.05831178175015,104.74497767857143,52.76598277701503,20060412_52497_0200_PP,Messidor,train
439.3868088342904,82.35241948341837,43.233549602017476,348598d01e18,APTOS,train
372.01839039614674,74.6446308992347,38.81793296806504,20051021_39222_0100_PP,Messidor,train
290.5901213188759,97.80949059311224,24.00022500715782,5f13e8a07344,APTOS,train
469.87261422342783,97.06722337372449,49.19348178228177,20060411_61402_0200_PP,Messidor,train
395.7023693590748,91.8500677614796,45.095294653475776,8564b7aa3c1a,APTOS,train
477.08918477971577,92.80255500637755,48.1598499976344,20060412_59423_0200_PP,Messidor,train
312.29577654354375,80.11250398596938,42.057468710400954,IM004798,Messidor,train
749.2235766005286,95.36114875637755,49.08993339346155,20051214_51609_0100_PP,Messidor,train
381.8079664837266,96.35060586734694,33.34969940204716,13ab8db8c700,APTOS,train
378.1001786959265,87.68702168367346,42.534122844098675,054b1b305160,APTOS,train
306.6102130815219,95.37890625,46.439785783858326,96b5474ae604,APTOS,train
600.5790953534885,86.13097895408163,44.893678696719675,d2dc86021c67,APTOS,train
445.78972871995677,83.17225366709184,44.65329704080343,e12f9f19d1be,APTOS,train
481.2745286448207,72.22544642857143,39.9605148681194,20051020_61804_0100_PP,Messidor,train
974.8265438020255,99.52863919005102,54.092922836266325,20060412_58171_0200_PP,Messidor,train
322.6553354386437,80.27901785714286,39.79259940735299,a1eb88562239,APTOS,train
469.2810189506502,89.95834661989795,45.813042250553806,82088c6734e6,APTOS,train
529.262444498538,93.11726721938776,47.28758687143748,0e0003ddd8df,APTOS,train
357.60446920041386,68.03071189413265,37.140148336838465,20051130_59457_0400_PP,Messidor,train
599.5963294900292,83.11090959821429,43.189616673946084,20060523_50392_0100_PP,Messidor,train
408.11960457702924,92.4840162627551,47.05106076866247,7e9081e95bf6,APTOS,train
385.980385493557,82.74001514668367,41.67063755202358,52edbe29d655,APTOS,train
532.9953908161638,92.4739915497449,42.1453285204752,IDRiD_286_train,IDRiD,train
247.28194326760618,88.92063934948979,43.69470265987754,IM000146,Messidor,train
172.7358743253721,58.215461575255105,32.053236184114695,b73d0bcd3d33,APTOS,train
552.9525010543086,100.93470982142857,40.29052015817184,09f6ab477654,APTOS,train
636.6538298454745,85.93315529336735,47.621869666789706,eebd1e195952,APTOS,train
669.4439658081964,91.64524872448979,49.11785098902407,20060523_43196_0100_PP,Messidor,train
570.7098014987246,88.42960778061224,37.5071664534809,1411c8ab7161,APTOS,train
245.71943011833994,85.0875318877551,44.44965460475932,20051207_55266_0400_PP,Messidor,train
197.9830412123909,81.4994818239796,46.37523292324876,c90c6b94cf40,APTOS,train
325.7636011319079,73.78473772321429,36.458445261287615,IM002922,Messidor,train
546.6041043546486,90.07196667729592,39.31832228518396,IDRiD_379_train,IDRiD,train
409.36558545901846,68.3637396364796,35.81324359132667,af5a0bc4e1fa,APTOS,train
123.30087511880059,71.48965640943878,27.66998233369275,IDRiD_136_train,IDRiD,train
391.04562734097846,84.77128507653062,43.54270708526129,IM002026,Messidor,train
265.53908153654686,83.57593271683673,40.63344905672509,84b4da14bc23,APTOS,train
608.368183890664,103.48624840561224,43.108279836772525,IDRiD_331_train,IDRiD,train
533.4888135913212,85.29665577168367,34.347952391995214,187f6ccda87a,APTOS,train
434.15476942678043,86.59522480867346,47.931217870209885,07e827469099,APTOS,train
433.7247969954275,98.67924904336735,50.34979679710777,20060410_44106_0200_PP,Messidor,train
366.11498467835816,69.94415656887755,37.99714298226608,20051116_58872_0400_PP,Messidor,train
556.3800544146942,92.39042570153062,42.1780118677792,IDRiD_004_test,IDRiD,train
388.7145277052708,92.30494658801021,46.12054652006336,ebf4b22240f4,APTOS,train
292.79078312547745,72.24101163903062,35.212993166162526,1c47815f4a6b,APTOS,train
263.33746120384563,75.70697146045919,38.76717150635084,IM000138,Messidor,train
384.1481031904812,86.49220742984694,42.13109488764163,e16af45285e5,APTOS,train
570.17997958252,90.59797512755102,48.82883807729786,0eced86c9db8,APTOS,train
673.0162202452979,94.0843431122449,48.9792883205741,20060522_45967_0100_PP,Messidor,train
293.7541964275546,66.11182637117346,35.734257123095425,09935d72892b,APTOS,train
405.1789463445178,103.76654177295919,40.60418503015249,IDRiD_026_test,IDRiD,train
365.2348229762963,82.65937898596938,44.54685692458268,20051205_57780_0400_PP,Messidor,train
290.4860143979258,106.66854671556122,43.34336366684298,IDRiD_363_train,IDRiD,train
306.3659578007194,76.38205516581633,38.60333037189672,20051202_39708_0400_PP,Messidor,train
748.3535981660882,86.44555165816327,48.61717769942177,IM002481,Messidor,train
685.8442482267108,84.02923708545919,45.26229804138845,20051021_36476_0100_PP,Messidor,train
337.62335682948003,93.0170599489796,39.76032592862498,IDRiD_074_train,IDRiD,train
376.7207879142332,93.47674186862245,48.71117977376633,a9a3225cf4b5,APTOS,train
447.44061185518245,69.08025749362245,37.26989184624623,IM003983,Messidor,train
471.5405431804633,82.72393176020408,45.628597474615034,IM002482,Messidor,train
410.890548686592,93.85453204719387,37.52848440650037,IDRiD_096_test,IDRiD,train
392.4702710326836,93.6645806760204,40.375183352392916,IDRiD_039_train,IDRiD,train
556.544061529691,102.0025709502551,45.19666595499731,IDRiD_325_train,IDRiD,train
234.9779923231291,60.07007334183673,30.290164300886897,20051208_42314_0400_PP,Messidor,train
584.3421755420918,71.19072863520408,39.14650271994306,20051130_60448_0400_PP,Messidor,train
465.71585486839825,100.74330357142857,51.77738767533395,20060412_59196_0200_PP,Messidor,train
309.4056385358836,84.6622090242347,36.344258001770974,IDRiD_257_train,IDRiD,train
472.98339843114485,90.22289540816327,46.2288008024426,77acc2cafee1,APTOS,train
232.58360660994663,88.46687659438776,37.88497306860437,IDRiD_053_test,IDRiD,train
429.71516284005236,80.71344866071429,41.74790623111529,20051205_60093_0400_PP,Messidor,train
398.4391976721532,84.17464524872449,44.63745828597604,IM000682,Messidor,train
400.09748241674,84.9311224489796,42.38608306333392,ce8d2efd9d4f,APTOS,train
207.82903754954435,66.63022161989795,33.19720516913202,IM001211,Messidor,train
461.2226294295483,96.65134725765306,48.71281096167838,66bfec8d6bcd,APTOS,train
240.8607851129331,64.5413743622449,32.56670086634139,dea7538bb91a,APTOS,train
478.13512264594885,95.44953762755102,49.15216285157493,20060407_43618_0200_PP,Messidor,train
579.6774810559051,101.94943797831633,52.513337394948415,20060523_48591_0100_PP,Messidor,train
227.28287052621647,80.42755500637755,36.42580977540963,IDRiD_322_train,IDRiD,train
615.3257569833777,112.71805245535714,56.59309274713113,20060411_61979_0200_PP,Messidor,train
534.7436596740538,86.21167490433673,44.95137741305084,ed3ce1674761,APTOS,train
255.50276587477128,72.96576052295919,36.586426296343895,IM002516,Messidor,train
537.6078848308546,76.49970105229592,39.74782294817936,20051020_62709_0100_PP,Messidor,train
621.3705627583604,86.94523278061224,47.4130337027823,78937523f7a8,APTOS,train
307.53772063535337,81.38506457270408,33.93157680750293,IDRiD_069_test,IDRiD,train
326.25268320816843,72.54713408801021,37.23792417427252,20051130_55311_0400_PP,Messidor,train
269.3212620366965,98.09097975127551,37.703831050776806,IDRiD_109_train,IDRiD,train
256.20232615020063,71.27572943239795,38.021643493538676,20051130_54333_0400_PP,Messidor,train
222.04121853162331,65.77634725765306,35.10235868596564,IM004184,Messidor,train
377.5717187601047,92.92506377551021,45.181069559629236,5077cdb88aed,APTOS,train
511.28943333115393,86.55662069515306,44.28594810669774,a1edf0e66592,APTOS,train
319.9649259097772,88.06760204081633,42.74499106653144,65f5d2a6eb7e,APTOS,train
588.7782946435276,84.97825653698979,45.00531193799635,20060522_46149_0100_PP,Messidor,train
499.7093739217642,120.1036152742347,32.24413122429234,26453eb7e989,APTOS,train
471.0492018858922,96.41027582908163,46.752286667384254,9ac2e3e9fca5,APTOS,train
824.9753232333919,106.19455516581633,48.36972973660858,IDRiD_249_train,IDRiD,train
611.1717893603642,100.88438695790816,52.305841307944725,20051216_46183_0200_PP,Messidor,train
374.0941332539436,68.32702885841837,35.55280928080282,IM002642,Messidor,train
433.20442603102134,90.3587571747449,39.937120991047905,IDRiD_394_train,IDRiD,train
260.8821946747449,72.20416135204081,38.443791631644935,9b70f84400af,APTOS,train
454.67206539962757,75.6592793367347,39.87249564288482,IM001174,Messidor,train
378.4811801600585,87.63932955994898,38.55995870173938,IDRiD_158_train,IDRiD,train
343.23094222209005,77.58199139030613,39.03271075542945,IM000561,Messidor,train
434.4880048596129,98.98899872448979,50.90106448688434,20060410_41747_0200_PP,Messidor,train
240.03671311041256,74.64142219387755,29.89199523130711,IDRiD_151_train,IDRiD,train
211.2259327742717,77.6588209502551,38.09696881539352,IM001167,Messidor,train
515.1499978458321,86.81851881377551,45.255425312939735,20051201_38211_0400_PP,Messidor,train
429.3350648685378,87.01717952806122,44.833513682556934,840a06a9c690,APTOS,train
353.1991722582778,65.8587571747449,35.975019237933296,20051213_61802_0100_PP,Messidor,train
345.6353822010649,70.40981744260205,37.19709615187523,20051130_55323_0400_PP,Messidor,train
535.5601812090192,90.74194834183673,46.829161419760055,20060530_36860_0100_PP,Messidor,train
486.8842295639121,89.40846221301021,50.39544388778938,20051212_41169_0400_PP,Messidor,train
341.45118602441283,81.44917889030613,39.664078037170974,IM001218,Messidor,train
215.187848046242,63.00625797193877,34.38024717460255,05195a3db5e2,APTOS,train
142.35781728004923,87.25430484693878,37.244648002231536,IDRiD_016_test,IDRiD,train
452.28114366352634,87.62703284438776,43.801539497346084,72c31aa48e2c,APTOS,train
395.2396153533821,89.82358099489795,46.2715339457677,20060407_45834_0200_PP,Messidor,train
254.05811622171584,62.98642777423469,32.45577033452908,IM000827,Messidor,train
284.64568837589644,77.08119419642857,42.92717706289573,084c02cf077f,APTOS,train
342.38561654835627,87.8633808992347,47.735342838576734,0b8bdec9d869,APTOS,train
415.70731060110694,72.67851163903062,38.54986300629244,IM002719,Messidor,train
791.8194935062635,88.73764349489795,47.14943481298719,20060522_45069_0100_PP,Messidor,train
623.0009525589821,75.37581712372449,34.53008563477468,15e96e848b46,APTOS,train
593.0427855996478,75.97997050382654,43.12519845930847,20051130_60715_0400_PP,Messidor,train
389.5570091238025,75.15001195790816,37.310727666388296,IM002222,Messidor,train
456.1485769894658,88.88249362244898,45.067586977937815,5a444c32cd9a,APTOS,train
362.6775262666612,84.01690051020408,42.28909763504088,1c7a013eeba7,APTOS,train
292.6119478822301,90.43594547193878,44.72477442536841,b05922e7abd3,APTOS,train
456.85566072730114,76.21099728954081,43.62701033768846,IM004424,Messidor,train
268.03996377743965,83.42131696428571,36.17887808783153,IDRiD_360_train,IDRiD,train
295.2977298603908,71.24746890943878,36.58832110280929,IM003108,Messidor,train
545.1951333967063,108.98182397959184,55.18359269503728,20060410_47016_0200_PP,Messidor,train
416.29968524465755,85.81134406887755,43.683116281897924,6a57a3db3eff,APTOS,train
514.0579181799835,89.37486049107143,43.75463492417921,c64c0966b4cf,APTOS,train
466.57557377900645,92.83165258290816,40.448308595479844,IDRiD_079_train,IDRiD,train
538.9628021541312,90.0629583864796,49.15736273716746,a627eb8c08c5,APTOS,train
322.1950567532261,84.80707908163265,37.01988855395594,51d574513bcb,APTOS,train
424.36701504581424,87.28433912627551,45.32735161557459,20051214_57817_0100_PP,Messidor,train
284.7232065224637,65.07981903698979,34.05572488226896,6d10709053ae,APTOS,train
532.0356082872568,77.75462372448979,41.3329631386706,20051202_54555_0400_PP,Messidor,train
417.2063885108475,88.22847576530613,43.55249532698811,b549af91bd30,APTOS,train
263.2965544665272,87.43381297831633,38.11910663322798,IDRiD_057_test,IDRiD,train
354.11057340915085,89.5611647002551,48.23247430680904,11b220a397b8,APTOS,train
216.7944095961902,89.76245615433673,21.72562506572924,be7bc89f5fec,APTOS,train
325.0066012625196,83.48495296556122,42.956551988341204,20051201_38321_0400_PP,Messidor,train
432.0691925578692,91.33258928571429,46.68213037167377,20051205_58458_0400_PP,Messidor,train
502.0521933231091,99.85389429209184,51.07119089820745,20060407_45362_0200_PP,Messidor,train
221.61119420187816,86.65284199617346,43.94626935856945,c4e8b1ec8893,APTOS,train
214.62244857286024,95.10833864795919,41.632743089738085,IDRiD_372_train,IDRiD,train
448.93529170138396,82.65138711734694,45.47122710997725,0dbe6c26cedc,APTOS,train
377.4539737657724,78.27794164540816,39.84671428194234,20051130_60822_0400_PP,Messidor,train
301.4422772239517,61.15106823979592,34.0323439176959,20060529_56563_0100_PP,Messidor,train
484.7135205950056,87.41187021683673,45.14396487653663,b086c7cd3868,APTOS,train
492.8986600326131,93.1499322385204,47.93275132878955,3f6bccf21ce8,APTOS,train
167.02388089103331,85.66398278061224,45.13376888785893,20051130_54257_0400_PP,Messidor,train
222.85603224759498,70.35586734693878,31.43982639909709,0ac436400db4,APTOS,train
668.0411230466209,77.0494459502551,40.70814351102964,20051214_40596_0100_PP,Messidor,train
208.05576749783367,60.85247927295919,32.74841654346788,4a05f81b3aba,APTOS,train
459.29379970537826,101.14680325255102,39.47999915617232,18b06f56ab27,APTOS,train
517.4642428485913,91.14532844387755,46.99871053499312,4e4a6224a04e,APTOS,train
355.6638578234589,73.89696269132654,37.5885315756961,IM002301,Messidor,train
257.6498625027245,104.82489636479592,42.65729668565699,IDRiD_047_train,IDRiD,train
296.8942561433594,79.17412707270408,41.29643810088165,IM003794,Messidor,train
202.82865944528322,85.2611009247449,47.90838314905161,fdbc252813b1,APTOS,train
1242.1026033753405,94.77178332270408,56.58691118478896,f86d1c404acb,APTOS,train
322.79950600313873,78.71791294642857,40.076492684128986,20051201_37312_0400_PP,Messidor,train
335.5288187858712,90.47883450255102,34.05991012500251,01b3aed3ed4c,APTOS,train
287.1744786281975,89.00215242346938,43.325336431884175,1faf8664816c,APTOS,train
260.98538457091183,101.31626674107143,43.24359252035617,IDRiD_102_train,IDRiD,train
306.7130535194051,89.53475765306122,43.33228691287169,357f02a779d7,APTOS,train
218.85864895872652,78.20172991071429,30.133951749278044,1c3a6b4449e9,APTOS,train
117.44917562016842,68.96526227678571,30.697368826803384,IDRiD_122_train,IDRiD,train
759.1108472666014,90.57637117346938,40.97182588433061,IDRiD_261_train,IDRiD,train
612.6512142039994,82.67036033163265,44.20265327735334,20060523_45697_0100_PP,Messidor,train
585.4963827101403,98.28413982780613,50.83944644448314,20060410_39203_0200_PP,Messidor,train
198.35459303428908,60.88974808673469,35.04730201649649,IM004508,Messidor,train
711.9167216093227,100.69066884566327,39.197754073532714,1ab3f1c71a5f,APTOS,train
416.58913492769165,95.75332828443878,48.30121420017747,IM002448,Messidor,train
455.45747311261243,105.82158801020408,56.5757589699572,20060523_45449_0100_PP,Messidor,train
325.3000621485839,76.44569116709184,40.46352721410716,20051109_60031_0400_PP,Messidor,train
343.8374113283868,80.74284518494898,41.63693870361994,IM002399,Messidor,train
404.2257390703473,87.92863121811224,44.11317858961038,bd34a0639575,APTOS,train
238.21033174919114,110.88498485331633,45.06561331546983,IDRiD_038_train,IDRiD,train
570.9095709632704,136.18706154336735,68.61803955496505,20060410_39994_0200_PP,Messidor,train
378.22986268024056,87.1265943877551,43.92294848967684,5ea9e447bb62,APTOS,train
249.95919754682907,88.23931760204081,47.01563687428947,5dd2e26fc244,APTOS,train
531.0891942977905,76.33233019770408,34.936709184407555,165634a6167e,APTOS,train
462.5343687922594,79.97223772321429,41.837556155363345,26fc2358a38d,APTOS,train
259.234609216613,75.5777662627551,39.03050898077917,20051130_54616_0400_PP,Messidor,train
370.50648368253945,92.93839684311224,46.9297772171281,11d8e5eaee5b,APTOS,train
172.7384905765475,54.099529655612244,27.928539655091548,IM004832,Messidor,train
456.1706075847074,92.9010084502551,45.44832285138184,44a86263117b,APTOS,train
374.16419694861594,70.10925542091837,38.606604191933165,606daaf0bfc7,APTOS,train
123.94935380871321,69.57688934948979,28.600607087665765,0180bfa26c0b,APTOS,train
421.0048154714156,69.87300701530613,36.78559476854651,IM003453,Messidor,train
261.3976285168649,100.95101243622449,39.31392594703696,IDRiD_008_test,IDRiD,train
433.4198588760929,95.18911431760205,49.390333710750696,20060529_57030_0100_PP,Messidor,train
469.6643272055928,86.33147321428571,43.209503622632994,896ad584a841,APTOS,train
434.2171653849241,90.48846061862245,48.188035868200984,9985375d709f,APTOS,train
275.06527688194444,82.69981664540816,42.254341567984845,IM000602,Messidor,train
163.7783583355466,61.24270567602041,32.61104041818289,20051020_61998_0100_PP,Messidor,train
323.33863830526684,82.78740832270408,38.073453172874416,02685f13cefd,APTOS,train
397.2063900372824,72.22761878188776,37.48525841356457,IM001357,Messidor,train
690.9738812174513,86.82756696428571,47.56055571006541,IM001964,Messidor,train
378.90603710104654,91.07382015306122,45.00875069266068,e2c39ed0c941,APTOS,train
317.3721090501073,62.20892458545919,35.313348498579565,20060530_53816_0100_PP,Messidor,train
397.9778138970593,83.75259088010205,41.20080183553054,5ca779ace6e7,APTOS,train
325.9083393403561,86.8082350127551,38.73267666319731,IDRiD_058_train,IDRiD,train
296.0631999961538,80.13181600765306,45.521701312192334,08037e4490e5,APTOS,train
400.558912627551,76.55251514668367,43.41592237303275,991a0b7a8c87,APTOS,train
219.2145848891875,58.32168765943877,31.014183154647483,e26d8718ca58,APTOS,train
520.7465184270119,89.61027184311224,45.99116413453456,20060412_58287_0200_PP,Messidor,train
252.87468165469542,53.91230867346939,30.012069133094084,IM003968,Messidor,train
291.1288789699893,69.51574457908163,36.84199858273115,IM003161,Messidor,train
321.0381101364396,68.37531887755102,35.827078583765335,IM003405,Messidor,train
554.5280793685309,78.52509167729592,46.86464222502578,8650d32f4a9e,APTOS,train
326.0086676114205,94.9952168367347,45.370025248926034,9de9421f17e3,APTOS,train
471.11417606859,91.44304049744898,46.50323135376842,80dbeb0fdc75,APTOS,train
398.49325649502975,80.30863360969387,42.02498044714873,20051205_58613_0400_PP,Messidor,train
466.5998572524713,98.18329480229592,49.884041883953145,20060411_61687_0200_PP,Messidor,train
398.5725493262282,77.37015704719387,40.54365484125338,20051214_51442_0100_PP,Messidor,train
461.1938591194073,102.43542729591837,49.85567914804006,415d5c5e785f,APTOS,train
316.03818665083026,83.89530851403062,41.419643592278625,IM002209,Messidor,train
357.7192315666043,86.33414381377551,43.39522419341695,20060530_53062_0100_PP,Messidor,train
385.9114841392069,85.09656010841837,44.513524078177326,20051214_40849_0100_PP,Messidor,train
326.6863215445281,76.40909996811224,40.51735921280669,20051109_59969_0400_PP,Messidor,train
118.77759338150119,67.55110012755102,25.21197322968012,164cd5a3a6cd,APTOS,train
617.4874850789093,95.83773118622449,50.12539497865079,20060523_48643_0100_PP,Messidor,train
494.6514257314254,72.74360251913265,39.04108863351819,IM001766,Messidor,train
259.24792251007,65.12264827806122,34.320138045298684,IM001798,Messidor,train
340.96128206479455,69.62577726403062,37.31173036471834,IM003264,Messidor,train
173.86021552191136,84.27618781887755,35.95146428705083,02dda30d3acf,APTOS,train
416.05246122893266,93.04950573979592,46.71861306967134,45369821d6a3,APTOS,train
245.99388836841194,64.22783801020408,31.759510089166387,IM001702,Messidor,train
100.48964469962098,72.79864875637755,29.210495446875715,IDRiD_018_train,IDRiD,train
310.21861716679166,75.37330596301021,38.84458979741135,IM004297,Messidor,train
708.5785543778596,101.58173230229592,46.61018839594249,IDRiD_244_train,IDRiD,train
525.1962699826584,102.30961017219387,52.36894615289674,20060411_59747_0200_PP,Messidor,train
650.4417339850842,71.45822704081633,39.037507934637965,IM003454,Messidor,train
599.2618628283036,81.49786750637755,43.9968894233969,IM003563,Messidor,train
376.26369820451396,82.91497927295919,43.927044131219155,IM000264,Messidor,train
454.535222189767,84.36633051658163,42.827978702027785,5ad3dabeb2cd,APTOS,train
518.4065582771095,97.20840640943878,51.143093234709305,20060412_52020_0200_PP,Messidor,train
442.3715876682953,75.64126275510205,39.998287174741655,IM000579,Messidor,train
872.857032728215,87.58356584821429,43.58142943819722,IDRiD_267_train,IDRiD,train
471.81074310868337,83.61065051020408,43.93341646942935,96c699221180,APTOS,train
239.79037873698292,107.52046795280613,25.027091897197426,d41b33fcb94f,APTOS,train
175.00664624766674,67.35176179846938,36.89125198661179,8ffa608170d3,APTOS,train
279.94273847026267,79.71739477040816,34.04223227348287,IDRiD_160_train,IDRiD,train
285.3648461207207,78.31981425382654,39.96790379141154,IM001123,Messidor,train
247.14035110084382,72.82698899872449,37.64556597827711,IM000425,Messidor,train
678.8917794503653,86.78457828443878,48.396028680559276,f4874247ede6,APTOS,train
457.91704602819436,89.04500159438776,46.18164729546608,20060412_58497_0200_PP,Messidor,train
289.6614404795121,74.67097815688776,38.641787261766794,IM001667,Messidor,train
407.4465646978121,76.79633689413265,40.59232932943185,IM004599,Messidor,train
369.3998401197777,93.67376833545919,41.47098566639238,IDRiD_132_train,IDRiD,train
315.51234920895735,78.66892538265306,40.34812640973952,20051020_44692_0100_PP,Messidor,train
286.4767718519682,77.67081871811224,40.282782491105884,IM001759,Messidor,train
683.9094101454209,108.22253667091837,44.05447512399285,157d17349cc6,APTOS,train
305.06934784552,78.47267617984694,39.47947008580271,IM000726,Messidor,train
353.65260126152816,86.04956552933673,45.695643897683105,IM000999,Messidor,train
631.6699318299935,105.16185028698979,54.608548076973825,20051216_45757_0200_PP,Messidor,train
270.8526683137696,75.69818239795919,38.70270352429117,20051208_39546_0400_PP,Messidor,train
488.471780372232,99.02030851403062,51.281718171828246,20060412_61000_0200_PP,Messidor,train
288.04035884208946,90.81319754464286,38.41473579800703,IDRiD_112_train,IDRiD,train
659.1197452934421,80.95860570790816,41.5795785035667,57f5ad4b5b29,APTOS,train
479.23575228842435,83.89118303571429,43.531005715618164,20060523_48709_0100_PP,Messidor,train
455.13004698548804,90.69194435586735,47.10606937371544,197af0de76e2,APTOS,train
450.5462858238998,97.869140625,38.96776389062117,IDRiD_383_train,IDRiD,train
291.339487286321,55.447385204081634,30.163346453055006,IM003208,Messidor,train
430.33347051057257,75.50091677295919,38.984126468429,IM004269,Messidor,train
308.15378367786656,84.5776666135204,41.280078834541,4cae247d9909,APTOS,train
390.92703554502174,76.88811383928571,40.29667608646081,20060530_51399_0100_PP,Messidor,train
274.6853990880513,87.47281568877551,37.22129341554345,IDRiD_058_test,IDRiD,train
149.62166680936167,59.47215800382653,31.345330074654907,684dd88a0d49,APTOS,train
299.85796868071264,62.388054049744895,34.88371752548156,IM003221,Messidor,train
584.6880329673065,77.87697305484694,41.68284172626842,20051020_44901_0100_PP,Messidor,train
174.70614192466942,63.831473214285715,33.81443942056542,5e97cb2b0888,APTOS,train
380.1347269882812,92.69363839285714,46.289456894013234,b5e6ae31493c,APTOS,train
261.2798981497756,88.64217952806122,45.473237446709916,e12b67835e03,APTOS,train
390.8347379580382,106.38634008290816,54.98810164476198,20060410_43675_0200_PP,Messidor,train
590.6687919425249,95.39632493622449,43.26260964967947,IDRiD_344_train,IDRiD,train
398.77166514176224,97.43098294005102,36.71720307041106,101b9ebfc720,APTOS,train
459.8590308987364,73.70922353316327,39.22413029486022,20051130_55037_0400_PP,Messidor,train
325.13435528209834,74.38062021683673,38.52399968073208,20051116_43995_0400_PP,Messidor,train
483.93719932011203,71.93726084183673,38.08579985836722,IM003243,Messidor,train
510.13077397249185,75.56857860331633,40.63044410662647,IM003034,Messidor,train
276.8796697927981,77.97112165178571,39.82275361026036,IM000241,Messidor,train
334.9573886490822,76.51584422831633,29.717856191841975,0684311afdfc,APTOS,train
259.427745559721,74.53852439413265,37.83476309844485,IM000501,Messidor,train
444.0912463793106,91.59183673469387,39.29902798356387,IDRiD_347_train,IDRiD,train
311.8422712793156,106.45043447066327,38.7684228164052,03747397839f,APTOS,train
300.30364449368767,86.94640864158163,38.70629244133715,IDRiD_006_train,IDRiD,train
667.5182418092397,91.99304448341837,41.626581088524595,IDRiD_345_train,IDRiD,train
338.53538147760696,66.23806202168367,34.46875472654295,ae20112e7a1e,APTOS,train
287.3020864289683,78.80687978316327,44.14334399136536,04aef84a2cc1,APTOS,train
490.20599942125915,88.61116868622449,39.23054463800664,IDRiD_280_train,IDRiD,train
287.8070046942416,72.1075215242347,37.211781678103186,IM001738,Messidor,train
500.8617065438426,99.51345264668367,50.9867134474434,20060523_50408_0100_PP,Messidor,train
435.8706664133449,95.55909199617346,47.51727515317905,12058bbb8299,APTOS,train
278.2980846196897,80.36160714285714,35.58469037289701,IDRiD_172_train,IDRiD,train
632.2794432983653,90.58950494260205,40.560245201163596,IDRiD_300_train,IDRiD,train
439.43998002032845,80.76853475765306,42.68254421574867,IM003687,Messidor,train
702.1364319788224,90.82740752551021,49.49529660427233,20060523_50003_0100_PP,Messidor,train
580.1387503293096,99.64867665816327,52.30574577403861,20060412_61383_0200_PP,Messidor,train
198.78389772083898,62.76195790816327,30.186339615053882,IM001007,Messidor,train
530.2453624958895,107.21179448341837,54.70361064808569,20060411_59941_0200_PP,Messidor,train
600.2752451004956,108.5413743622449,56.05669024533681,20051216_44252_0200_PP,Messidor,train
341.6961866007006,100.57166772959184,40.76824683296394,IDRiD_068_test,IDRiD,train
686.747437589519,114.64568718112245,43.44756963436518,00e4ddff966a,APTOS,train
297.88081626145356,72.6690449617347,37.03871533095119,IM001153,Messidor,train
383.01714748365094,91.16934390943878,44.508157968325854,9d75de31f1b8,APTOS,train
513.4746195969111,96.38498485331633,49.344368616064735,20060411_62228_0200_PP,Messidor,train
506.38161090332886,97.62352519132654,49.94934224106834,20060410_43847_0200_PP,Messidor,train
384.61349584181477,106.81544961734694,53.1075922604017,20060407_43834_0200_PP,Messidor,train
319.8962697160586,79.5209661989796,39.651550975084504,IM000568,Messidor,train
328.10378209614146,86.74960140306122,48.0665950575642,06586082a24d,APTOS,train
294.6117363750612,72.47365274234694,38.19290205310184,IM003035,Messidor,train
475.042195538986,86.32204639668367,43.055367718079545,12ab2f6397f0,APTOS,train
176.09134558090216,55.12480070153061,31.22764522425177,a26f50218b84,APTOS,train
326.6226207156422,64.15840242346938,34.18650983808502,8fbb2ca39911,APTOS,train
434.04562915577986,68.34638073979592,38.98027670391413,IM003580,Messidor,train
400.23816299120716,77.84937021683673,39.797742680545255,20051212_37442_0400_PP,Messidor,train
420.6142875039046,86.79777184311224,44.01285309839129,3b2b91590590,APTOS,train
369.5925099755366,88.66276705994898,43.01612501549252,7ce671f952be,APTOS,train
610.0111233394674,104.02461336096938,53.91777967547177,20060530_53761_0100_PP,Messidor,train
585.589135096104,94.07896205357143,49.0083867283293,20060410_46874_0200_PP,Messidor,train
447.8958602767843,89.14471061862245,45.439586967527106,5995321563b7,APTOS,train
425.0365737345456,88.44557158801021,22.96216341247339,7356dd08b0ae,APTOS,train
302.43688115632716,76.86639030612245,40.13521427520399,20051116_44718_0400_PP,Messidor,train
397.75897256794786,70.93325494260205,38.65455438770914,IM004262,Messidor,train
638.1639447496216,96.85760124362245,52.45714502289083,20060412_51835_0200_PP,Messidor,train
223.38179961088946,87.91705197704081,36.98791697674456,0d310aba6373,APTOS,train
1238.575255603703,99.14622528698979,52.399292254610344,20060522_46454_0100_PP,Messidor,train
439.13603146222164,94.35552853954081,48.33243104203778,f7735b6d47f7,APTOS,train
430.34574978751766,92.33009805484694,47.46567124885672,5ac7a414560e,APTOS,train
236.5955471684664,79.7977519132653,39.630603999008244,IM000917,Messidor,train
591.1792440609056,101.19933832908163,51.76813283333132,20060412_51952_0200_PP,Messidor,train
446.31366279432046,90.42289142219387,47.48526634135663,1cb6961d141c,APTOS,train
390.16701900636286,69.08671476403062,37.684211056034734,20051110_38352_0400_PP,Messidor,train
416.4539095788437,103.17279177295919,51.85279481863246,20060412_52520_0200_PP,Messidor,train
394.96670217605396,81.52764269770408,42.64637104795477,IM000806,Messidor,train
203.51148200521664,74.30833466198979,41.92113681025995,d7a01fca9838,APTOS,train
265.37214968831074,100.77301897321429,39.32029928380271,IDRiD_022_test,IDRiD,train
540.4027323275991,88.81505102040816,46.59956100958101,20060412_61169_0200_PP,Messidor,train
213.66128947882785,63.10931521045919,34.354633172739405,IM003287,Messidor,train
292.6083242836618,68.01725924744898,35.09037934883888,IM004737,Messidor,train
486.93248531590996,85.04809072066327,42.31748845740417,bc73ce76ec43,APTOS,train
396.7768727067807,87.17930883290816,44.796643100440086,9e2058917304,APTOS,train
454.49891342773185,97.34877232142857,42.02579280547876,IDRiD_283_train,IDRiD,train
378.96968670280603,89.13885124362245,43.32607791953412,b2b79b37d314,APTOS,train
302.3093934287532,67.33133370535714,37.298206681324324,IM003924,Messidor,train
440.33932541470296,76.39142219387755,40.06629214222142,20051021_51936_0100_PP,Messidor,train
288.54433832283763,90.32391980229592,43.25501565568634,4cfd22ae43d4,APTOS,train
259.2156894450285,73.45910395408163,30.776279991297095,1177d583c807,APTOS,train
412.81437929686484,70.33077566964286,37.387238819132826,20051020_45004_0100_PP,Messidor,train
316.3702109502485,76.32196667729592,38.73316517030975,IM002472,Messidor,train
296.2940575064644,81.5703125,33.60906833282966,IDRiD_166_train,IDRiD,train
383.0092092571235,98.64566725127551,44.487037736711805,IDRiD_247_train,IDRiD,train
264.81574370611816,72.44571109693878,35.955348860876754,356304d15a5c,APTOS,train
242.9850733863071,77.48034917091837,38.60179923711284,IM000114,Messidor,train
750.3331500346934,95.38735650510205,43.21155479005794,IDRiD_204_train,IDRiD,train
188.86150001635508,97.10226004464286,37.93821190024797,IDRiD_042_test,IDRiD,train
326.41397145846054,96.20037468112245,40.80644415707914,IDRiD_277_train,IDRiD,train
293.08378691913583,100.53866390306122,36.719433339285246,172df1330a60,APTOS,train
414.0182222797691,83.08227040816327,41.45671390288742,62ecdc90dd42,APTOS,train
376.72777368266696,85.51921237244898,43.283976945533546,20060530_53042_0100_PP,Messidor,train
315.74166767163257,111.01167889030613,53.333029659845025,4205e9deb058,APTOS,train
465.8633056268847,84.48054846938776,42.86334009678612,3f5b4c2948e8,APTOS,train
272.85410604631835,74.16703204719387,31.160760049218236,c5ad60521f8c,APTOS,train
367.14508810325344,90.91497927295919,46.81089734712218,20060523_50469_0100_PP,Messidor,train
647.823705689503,90.77192283163265,47.0967683183768,20060412_59124_0200_PP,Messidor,train
445.53068822585055,80.49294483418367,31.210479954045567,0eb52045349f,APTOS,train
104.81342815985434,78.84440768494898,32.22156914107186,1414128bead0,APTOS,train
740.398276242054,93.12061543367346,50.12977181028599,20060523_45524_0100_PP,Messidor,train
593.5679292309438,77.54229113520408,44.31165900492281,e160a3b19911,APTOS,train
294.39866703483074,89.0140306122449,36.62917567638133,7116128c65ab,APTOS,train
146.31886186643422,62.465062978316325,32.5746734472555,a82a12ad3fb1,APTOS,train
673.8670311053561,92.26715959821429,48.407121753883025,20060530_54312_0100_PP,Messidor,train
332.8259871171843,70.10835857780613,38.42380756576596,20051213_61406_0100_PP,Messidor,train
322.51259797933153,61.49848533163265,32.870115198341004,IM000840,Messidor,train
540.3789729980666,113.11354033801021,56.933231249295666,20060412_52271_0200_PP,Messidor,train
310.80662287498,98.90214445153062,49.40742596632782,87b671c6d4c5,APTOS,train
460.8793910597325,87.74258609693878,44.3960964246957,3bf2deaa5ef0,APTOS,train
535.6472397120681,92.06967474489795,47.88568670378643,20060523_50153_0100_PP,Messidor,train
244.58787060459179,67.57543447066327,34.27862954625238,IM001950,Messidor,train
312.97463392982974,98.93775908801021,42.70356612254889,IDRiD_287_train,IDRiD,train
565.8504040550063,115.2193678252551,57.938026372316415,20060412_52245_0200_PP,Messidor,train
199.55515155530085,59.41826769770408,32.19753682918113,a1b28bcbce00,APTOS,train
364.3953442805909,79.59070073341837,38.42878334178052,e246cd89e1cc,APTOS,train
401.909151695709,65.05875318877551,34.34128703831603,IM001674,Messidor,train
308.9713751150637,103.31166294642857,43.33074262960217,IDRiD_359_train,IDRiD,train
203.32587884039444,57.795619419642854,30.725222914172107,a8b3c0961d42,APTOS,train
549.8860270966097,92.94529257015306,48.324965313621085,20051214_56242_0100_PP,Messidor,train
407.2496996632918,78.41438137755102,40.325050990326204,be21d8b60e2a,APTOS,train
295.95095050975414,78.5660475127551,40.23643182986692,20051202_55944_0400_PP,Messidor,train
332.93433651135695,67.32419882015306,34.07336797046598,IM000072,Messidor,train
474.45407412678736,89.49406090561224,43.82714595657692,7a77c3eb468c,APTOS,train
562.5392362756661,87.88901068239795,35.912080323527206,1a90fad9ffa2,APTOS,train
499.6886317051733,79.79356664540816,42.51163691302905,20051020_62615_0100_PP,Messidor,train
285.43152164926335,77.73979591836735,38.87349293484957,20051020_65166_0100_PP,Messidor,train
305.4106064283664,73.14194036989795,36.58815848675363,IM001866,Messidor,train
768.1559954813647,90.69923867984694,48.8989079729906,20060407_41149_0200_PP,Messidor,train
411.5919927527934,84.1244818239796,40.807933517258235,691eeb59b4cb,APTOS,train
364.31347999270884,71.98620854591837,37.077344045821604,IM002300,Messidor,train
432.82460341638256,85.82989875637755,42.31702979369583,51a078d6d43a,APTOS,train
590.8285082392472,92.6923828125,49.048936065521104,20060412_60396_0200_PP,Messidor,train
322.2536888122559,66.54109534438776,35.13886652464697,20051130_55393_0400_PP,Messidor,train
471.5424350002118,98.79842952806122,39.921910710836805,IDRiD_060_test,IDRiD,train
421.58150804345684,96.9618144132653,47.677703818604115,1f3f32efaf20,APTOS,train
491.2779903515137,89.18373325892857,35.13490966906111,10f36b0239fb,APTOS,train
138.61127374848442,54.77164381377551,28.121531636629754,b963a11638f2,APTOS,train
490.4920503706894,81.59113919005102,40.72563507338074,5257cb536da2,APTOS,train
455.8524819608034,87.93347417091837,45.44898032075878,20060529_56013_0100_PP,Messidor,train
180.63457438331102,67.73222257653062,39.28141416769813,9b4fc15df3c8,APTOS,train
235.51115284498312,101.94190449617346,43.60211513891476,IDRiD_241_train,IDRiD,train
788.7590846638042,101.40017139668367,52.51305754288652,20060530_55180_0100_PP,Messidor,train
788.9917048875714,99.95075334821429,45.5628309734704,IDRiD_297_train,IDRiD,train
318.6535366682746,74.89544802295919,39.659149825308155,IM004507,Messidor,train
266.7614572275583,84.70123166454081,43.83864247143272,20051116_58804_0400_PP,Messidor,train
368.3179040258997,73.20729033801021,38.59743588663845,IM003857,Messidor,train
191.45509774344308,65.06754225127551,31.39651625334551,0f882877bf13,APTOS,train
415.24484039038134,105.29396524234694,45.66644792550347,IDRiD_376_train,IDRiD,train
475.31926137693017,108.0506816007653,55.22856938549981,20060411_59087_0200_PP,Messidor,train
192.62962331775816,74.88337053571429,33.18117333607066,0981195eb9fb,APTOS,train
465.47153104895705,85.6362005739796,43.891445277369264,de55ed25e0e8,APTOS,train
301.2371918032041,94.18468989158163,47.71654609776168,874f8c1929f6,APTOS,train
333.1391988334831,90.36094945790816,44.066669600346835,e4c799738a19,APTOS,train
178.28402066776923,100.59050143494898,38.67526249928023,IDRiD_409_train,IDRiD,train
590.9236586001554,95.33601721938776,49.87877019487114,20060412_58802_0200_PP,Messidor,train
427.93467646904264,95.73824139030613,47.313810889225294,e135d7ba9a0e,APTOS,train
445.34212044545484,87.73523198341837,44.58713879101898,d8da9de62743,APTOS,train
584.5566857590967,96.31379544005102,50.174856538817686,20060410_39859_0200_PP,Messidor,train
405.8241817120064,90.7418287627551,46.117757637931994,999ad827ed35,APTOS,train
460.9902264306268,115.80014349489795,57.54943870610357,20060411_61952_0200_PP,Messidor,train
536.3510957358034,100.13715720663265,44.94509389604318,IDRiD_231_train,IDRiD,train
574.492284796229,90.9462890625,47.402682987915306,20060411_61901_0200_PP,Messidor,train
433.4634215904245,86.04920679209184,43.85472558440189,76095c338728,APTOS,train
571.7708475505347,86.01478794642857,45.713218682472345,07a2b8cabf6b,APTOS,train
319.37380692761224,72.6827168367347,38.328224992496466,IM001307,Messidor,train
370.7521255648866,71.9649433992347,37.77928032865124,f5733f77273d,APTOS,train
312.6408865649419,80.91739078443878,40.98682439627677,20051021_36097_0100_PP,Messidor,train
494.7555151784087,82.67859135841837,42.54129653560491,ba2ea9182090,APTOS,train
276.07509458129573,62.88620057397959,33.881936996006466,IM004012,Messidor,train
546.9804050198499,90.99206792091837,46.651394146304526,20060530_36895_0100_PP,Messidor,train
388.2161789925483,75.83312739158163,39.157423893498944,20051205_58150_0400_PP,Messidor,train
361.74774912206993,99.67008131377551,51.467758996875695,20060530_53455_0100_PP,Messidor,train
329.1802643963021,69.83197146045919,36.66542788987195,IM003160,Messidor,train
716.8596729463659,88.94050940688776,51.14940612619011,2f81ee5f2926,APTOS,train
165.85888277814072,64.71875,31.955648087227786,f8d62557ad0c,APTOS,train
272.3091405751754,75.86848294005102,38.40658680973762,20051205_31949_0400_PP,Messidor,train
557.1608993005176,107.19955755739795,55.46347341785743,20051216_46624_0200_PP,Messidor,train
311.8490974933889,67.2496412627551,35.72388626361422,IM002216,Messidor,train
573.5039641695289,101.53318319515306,53.55270706167162,20060407_41312_0200_PP,Messidor,train
572.1335399199504,91.86955915178571,47.4385010012444,1da4a17c18c9,APTOS,train
467.3217163959775,74.46039939413265,40.18448996923979,IM004132,Messidor,train
389.38298139170973,90.88970822704081,45.270812906576644,9e2a8135f471,APTOS,train
390.3213740693982,98.81993383290816,42.98382321477334,IDRiD_248_train,IDRiD,train
220.73570396998485,65.68283641581633,33.46618865687427,IM000531,Messidor,train
349.00173094787976,73.07672991071429,36.565871385926634,IM000205,Messidor,train
409.0454053068498,81.27252072704081,42.78476811861363,IM003766,Messidor,train
455.7870505860029,71.54352678571429,38.80933084843926,IM003746,Messidor,train
307.2045296967303,106.08902662627551,44.879356001911326,d1f1ea894da1,APTOS,train
728.9355558068094,103.40064971301021,54.25613230404886,20060407_39402_0200_PP,Messidor,train
327.7157061988739,101.61260363520408,38.276293616423004,IDRiD_401_train,IDRiD,train
296.140739307062,64.34201610331633,37.46772251979738,IM002650,Messidor,train
101.39907525510205,58.778738839285715,24.02515470928089,103f97a2ab15,APTOS,train
294.0131729933085,88.2359693877551,44.65274268282468,b1c6f0997e27,APTOS,train
343.752711672626,74.53782684948979,30.002184299679026,107aea0d9289,APTOS,train
409.96035020463614,110.56624681122449,55.6523762093795,20060411_62142_0200_PP,Messidor,train
623.5132274568105,91.59640066964286,48.74337010736586,b553e7909535,APTOS,train
249.26763604452887,77.15547273596938,40.2049516961258,5288f7441f64,APTOS,train
626.8863999514915,93.46743463010205,49.31848976277941,20060407_44042_0200_PP,Messidor,train
467.5637975690366,93.65150669642857,48.56679547355814,20060530_55370_0100_PP,Messidor,train
533.9944265684154,111.44389748086735,56.991836582179886,20060410_39606_0200_PP,Messidor,train
338.312986704768,77.32826450892857,37.16101037202953,6dc07f968794,APTOS,train
137.14658695675342,62.79842952806123,32.61932242149888,d160ebef4117,APTOS,train
356.7116571543168,93.3326490752551,46.03652487075496,a34fc5376669,APTOS,train
470.88878562280615,74.90736607142857,40.71790775259265,IM003020,Messidor,train
516.0091279552958,70.84516501913265,38.000289528970534,20051021_39661_0100_PP,Messidor,train
423.71707431041716,81.5801777742347,40.48197730329155,7a06ea127e02,APTOS,train
459.94906916453516,84.16244818239795,43.720944452678616,f7e9fa75c7c1,APTOS,train
343.6373244873041,80.14981265943878,40.98198598880629,613028ede6a0,APTOS,train
324.11633130462405,92.18064413265306,37.441539955689066,IDRiD_064_test,IDRiD,train
393.1486644812397,93.90720663265306,49.37279726464123,20060523_49681_0100_PP,Messidor,train
552.1789900427408,78.24812659438776,42.233333668252776,20051130_54476_0400_PP,Messidor,train
409.0734375139814,86.79019850127551,44.95742840393179,20060522_45691_0100_PP,Messidor,train
340.2647308244749,79.16286670918367,40.23752496666132,IM000191,Messidor,train
258.5141287981992,82.23557079081633,34.16269770620844,IDRiD_071_train,IDRiD,train
181.77092460710176,78.33416374362245,31.122823513064436,IDRiD_024_test,IDRiD,train
525.3718112244898,105.79791135204081,54.04504938755599,20060410_44224_0200_PP,Messidor,train
337.95897121937855,71.75330835459184,31.60697148952647,01f7bb8be950,APTOS,train
504.6868106849191,102.57019292091837,45.31285951223771,IDRiD_192_train,IDRiD,train
962.2233324904881,96.70932318239795,51.238538079951276,20060523_42953_0100_PP,Messidor,train
303.3265907068344,60.97431042729592,34.65345586619896,4ef16a53d899,APTOS,train
455.3598547363123,80.06622688137755,45.61385472623589,a821b6ecef33,APTOS,train
271.62668832844867,77.1754225127551,39.24259248917049,4ef0b485a7da,APTOS,train
295.81090684356116,85.42364875637755,36.51827177833547,234399352d36,APTOS,train
530.5641012191772,100.77632732780613,39.933971412019226,0c917c372572,APTOS,train
255.8270667507866,86.09406887755102,43.52172223178635,38b9bb961847,APTOS,train
982.338353793356,92.77704480229592,43.585683777602874,IDRiD_225_train,IDRiD,train
574.3732482516135,83.32391980229592,45.123305397105,20060523_45812_0100_PP,Messidor,train
304.9617194398549,106.15238360969387,42.949578254276155,96d48b073f18,APTOS,train
358.0678793582655,76.2802734375,38.64263473111301,2700754f71e9,APTOS,train
191.53973556289768,61.47554607780612,31.90839586914256,20051205_33012_0400_PP,Messidor,train
506.0833547545294,86.95794802295919,45.1171539740198,dfc7ec7db0e0,APTOS,train
294.584068628412,91.99278539540816,47.88152476175654,20051202_55562_0400_PP,Messidor,train
398.55324886342675,91.80287388392857,46.593075502923696,f6d760566a51,APTOS,train
277.86396077730814,101.04741310586735,40.17090011195654,IDRiD_357_train,IDRiD,train
374.75469962918027,89.01325334821429,36.64360340917935,IDRiD_053_train,IDRiD,train
331.28799944984473,96.29494180484694,35.39139759209581,191a711852bd,APTOS,train
407.422172526924,94.75235172193878,47.09955920610569,3a4cfea0a766,APTOS,train
425.5784393808635,83.53067203443878,41.759032326506336,ac1667fac512,APTOS,train
452.60592458805206,82.08131377551021,41.107183640708506,24de56d433cd,APTOS,train
439.5053647369804,93.7880859375,46.263139275234636,4e1e252317b5,APTOS,train
390.26979279706796,89.93700175382654,44.8113587557444,b0619ca93a5f,APTOS,train
635.0269661279382,92.53053252551021,48.61496850877591,20051216_44832_0200_PP,Messidor,train
392.44164362235745,83.85554846938776,35.290879978376296,IDRiD_328_train,IDRiD,train
382.8497689150613,81.4407884247449,40.59761392527374,67c03349bb31,APTOS,train
425.33432412137597,95.09480628188776,49.39882853200029,20060410_41191_0200_PP,Messidor,train
323.90206508644417,72.43371332908163,37.372326113562735,20051202_51599_0400_PP,Messidor,train
450.3669988718791,92.16920440051021,47.53282579810494,20060523_50806_0100_PP,Messidor,train
422.1650806790041,87.57306281887755,45.21501921051401,20060523_49791_0100_PP,Messidor,train
456.0206821986607,84.96069834183673,43.620737544932105,20060530_54117_0100_PP,Messidor,train
429.63272890991,108.93853635204081,55.78481549909839,20060411_59062_0200_PP,Messidor,train
431.76485005203557,106.77090640943878,54.77423252890532,20060410_44345_0200_PP,Messidor,train
554.0589594171723,91.70902423469387,48.63762225546422,20060410_40605_0200_PP,Messidor,train
295.802027217749,61.96077806122449,32.43121793746538,6c3745a222da,APTOS,train
395.339456946688,87.21711575255102,43.11840860715722,5cbe88914a72,APTOS,train
293.33502387921044,96.29815051020408,38.673405947424456,6cfb7b44ef6f,APTOS,train
267.5855959245236,95.30434869260205,31.007734802279,a6c9e96a10d7,APTOS,train
462.4849745759563,93.45758928571429,47.62345826276472,20060522_46379_0100_PP,Messidor,train
207.66324835645807,73.84333147321429,39.29094816716059,IM003571,Messidor,train
365.2723449935817,86.77439413265306,45.56172010841466,IM000683,Messidor,train
364.47780988852907,81.86433753188776,41.18131010360261,0afbeeef0ff7,APTOS,train
382.66166570354426,76.47393176020408,40.555901278144326,IM001402,Messidor,train
275.28134402450246,69.1088568239796,34.45170055654425,IM001467,Messidor,train
407.1084749649982,106.51915258290816,53.57552469354614,20060410_40381_0200_PP,Messidor,train
414.2412529770208,91.16822783801021,45.83737939439038,c81c6911f5e0,APTOS,train
425.2890764365143,69.41470025510205,37.69751314809054,IM003812,Messidor,train
250.5535308507421,83.73210299744898,34.94880005107185,IDRiD_101_test,IDRiD,train
250.40781693615455,93.00502232142857,38.758746218753735,IDRiD_126_train,IDRiD,train
492.9492463533305,116.11278300382654,46.395642675782554,IDRiD_012_train,IDRiD,train
383.2697293246999,67.00982541454081,35.5070112891383,IM003989,Messidor,train
310.46014567903063,91.68546715561224,46.7541205098655,IM000190,Messidor,train
444.03112162375936,110.4507134885204,56.05133926161719,20060407_42099_0200_PP,Messidor,train
222.0540465764431,95.67414700255102,38.95684443465867,83d6e40c869f,APTOS,train
304.65011449517533,72.44250239158163,39.349374182483345,20051117_37100_0400_PP,Messidor,train
446.1653709491061,92.70457987882654,46.34576320410678,8e76054f0831,APTOS,train
249.32485464899204,75.33316725127551,37.679657187264446,8dfa629ca74e,APTOS,train
415.0098851786609,85.99934231505102,43.11198990807583,d51e5d7484ea,APTOS,train
292.4193892373685,74.47421077806122,37.5384455956145,IM001559,Messidor,train
435.9271753589991,89.34070073341837,44.476866120682736,ef4121e9bb67,APTOS,train
123.03490824383627,53.853794642857146,29.144006508780645,cfd1bd0fcbb4,APTOS,train
486.8746123323834,90.5082708864796,50.26400339031929,022f820027b8,APTOS,train
360.1762243189051,83.11017219387755,41.327288487857686,9d98a0b585f2,APTOS,train
489.97152505165246,78.67305086096938,31.50231095477528,0dc031c94225,APTOS,train
124.67344973713891,54.581134406887756,31.605376546511742,521b5377a727,APTOS,train
596.2236229838157,113.14907525510205,57.38521583643148,20051216_45595_0200_PP,Messidor,train
610.8992344650911,98.3577806122449,50.596299798516476,20051214_56269_0100_PP,Messidor,train
208.18257036530835,73.13358976403062,31.80252475687152,IDRiD_150_train,IDRiD,train
415.0888135227646,92.3443678252551,46.89122905035892,20060412_63104_0200_PP,Messidor,train
818.8828066135139,90.62661431760205,48.36545531267998,20060407_41177_0200_PP,Messidor,train
197.2248857264616,55.13735650510204,28.912538042965277,0fbbd665431f,APTOS,train
444.14111492684464,85.87075494260205,42.74656420009499,00cc2b75cddd,APTOS,train
305.8289899651283,64.14431202168367,33.892655460461796,1d2472849dce,APTOS,train
249.53706716031445,100.58350605867346,39.54144044402878,IDRiD_050_test,IDRiD,train
490.645331999204,96.77453364158163,50.10692972504867,20060412_52931_0200_PP,Messidor,train
164.4050542965674,82.26576450892857,32.79652946807846,IDRiD_100_train,IDRiD,train
301.846186650986,104.52337771045919,42.4670768754143,IDRiD_388_train,IDRiD,train
837.6206813480197,104.85098453443878,54.180069461792364,20051208_39297_0400_PP,Messidor,train
622.8912203561162,95.6714166135204,49.43562008750822,20060411_61781_0200_PP,Messidor,train
496.0398195227798,86.474609375,44.71494885644542,20051201_37382_0400_PP,Messidor,train
233.86682332113156,79.8492506377551,37.02839821852658,IDRiD_049_test,IDRiD,train
373.7704605581561,67.78792649872449,36.57494782159998,IM004439,Messidor,train
432.0246882881536,72.6821588010204,37.09666896293656,IDRiD_169_train,IDRiD,train
793.2048990483187,112.455078125,48.03743374057089,IDRiD_250_train,IDRiD,train
300.5768134459909,105.84357063137755,44.046627258002836,IDRiD_020_train,IDRiD,train
405.7469248642578,108.7027662627551,55.44590540931778,20060407_38711_0200_PP,Messidor,train
268.8245886072225,73.04057716836735,37.80368777630438,20051202_55921_0400_PP,Messidor,train
293.2912888199228,86.06857860331633,36.831988335367484,IDRiD_110_train,IDRiD,train
392.515429336694,96.96308992346938,39.803372558701106,IDRiD_040_train,IDRiD,train
256.59041823292216,75.11423788265306,36.283420331728955,IM001423,Messidor,train
736.6227394268444,100.71018016581633,52.97858226274894,20060412_61365_0200_PP,Messidor,train
146.57136969663657,88.53792649872449,34.961900678891794,IDRiD_096_train,IDRiD,train
434.5083970936176,104.92889030612245,52.420184689933535,20060412_61251_0200_PP,Messidor,train
559.8806982421715,86.96803252551021,44.50817020152275,4b237b958555,APTOS,train
287.0930168599895,74.19487404336735,38.595447765269014,IM001666,Messidor,train
844.6850456228261,109.71795280612245,58.544441747451415,20060411_59859_0200_PP,Messidor,train
511.410015974875,77.3961256377551,40.398134850542085,20051021_39314_0100_PP,Messidor,train
347.12852514092987,82.77277981505102,43.188637160214775,15e24b73d4a7,APTOS,train
201.17435488647243,63.35516980229592,33.95976406798373,f580566e27f5,APTOS,train
534.363356434569,93.16440130739795,47.0206853543852,f4df3d86688d,APTOS,train
326.47836441896396,84.69738520408163,43.24270277872638,20051205_59240_0400_PP,Messidor,train
535.0111999384616,91.3883131377551,47.90067110830948,650104ede84c,APTOS,train
608.3588594228514,88.04966517857143,46.394182884968615,20060523_49942_0100_PP,Messidor,train
692.0597105741203,90.18987165178571,48.24770297217586,20060530_54332_0100_PP,Messidor,train
368.1887430670062,65.25831074617346,35.280828603036376,IM000674,Messidor,train
305.40457091039536,85.28691007653062,44.298004586553695,20051109_59864_0400_PP,Messidor,train
323.29805651549145,71.62573740433673,34.248436045263105,IDRiD_157_train,IDRiD,train
294.8605816704886,81.27268016581633,41.379001476509636,08bef347f40d,APTOS,train
610.272029277336,95.7758490114796,51.05758272093391,20051020_43882_0100_PP,Messidor,train
328.876703420017,89.4926458864796,37.5123797822088,IDRiD_006_test,IDRiD,train
335.87247381404956,75.09628109056122,38.892326740399035,IM000298,Messidor,train
270.6281959377989,74.87442203443878,28.856883774514547,04a6fc58dabc,APTOS,train
309.831473194823,104.06166294642857,42.16861756537574,IDRiD_385_train,IDRiD,train
592.017492301064,72.58382493622449,42.292970350235315,IM002802,Messidor,train
230.49596298222536,55.32362085459184,31.73343132023779,IM004471,Messidor,train
716.6909213238881,64.85311702806122,38.120191303594694,IM004053,Messidor,train
538.5901838693457,88.09243463010205,46.09147484184913,fb88d23fc5fe,APTOS,train
411.89651170068856,89.57800542091837,46.663182281663524,20060530_54242_0100_PP,Messidor,train
175.10032733844153,51.48148517219388,23.94009866924086,8f318a978844,APTOS,train
424.43007703405385,73.83685427295919,39.73491926722991,IM004342,Messidor,train
174.1361849259357,81.30829480229592,32.192218418928036,IDRiD_051_train,IDRiD,train
783.3767772036658,94.14524872448979,52.73479585570838,ec57cc20d776,APTOS,train
454.0209289941626,74.03882334183673,40.17536454764778,20051116_54484_0400_PP,Messidor,train
274.30979826012435,63.74862484056123,32.83716529373298,IM001034,Messidor,train
283.355607184903,77.1864237882653,39.86708730105761,IM000242,Messidor,train
431.93965304468827,86.25542091836735,42.36648646057582,1c13a1483f4a,APTOS,train
566.3595399769183,91.82726801658163,47.16198626288039,da3a2275c850,APTOS,train
811.8621443999107,93.38364955357143,49.707991528096265,20060407_43436_0200_PP,Messidor,train
144.95403007783773,91.83641581632654,35.69022607584538,IDRiD_067_test,IDRiD,train
259.5461723140159,94.92924904336735,47.4082027083318,20060411_58413_0200_PP,Messidor,train
193.978377250074,63.73582987882653,33.254626227312386,5ead17e894ae,APTOS,train
537.3120350545767,69.4145208864796,38.100406446419655,IM003878,Messidor,train
157.44431139974984,88.98393654336735,33.861325821900294,IDRiD_114_train,IDRiD,train
808.5297059607674,95.14606584821429,43.952072166258965,IDRiD_180_train,IDRiD,train
604.8123933437813,76.04693478954081,40.614877189700564,20051212_36525_0400_PP,Messidor,train
429.01826020748797,86.21187420280613,44.56295943295228,d27ac9e54901,APTOS,train
329.21459227192156,105.26303411989795,45.748767268055076,IDRiD_191_train,IDRiD,train
153.65362852446887,77.57204639668367,31.08377716448924,IDRiD_337_train,IDRiD,train
492.9349051125592,98.80315290178571,50.858986759704045,20060412_61665_0200_PP,Messidor,train
303.9471044731061,69.4281927614796,37.390826754073636,IDRiD_005_test,IDRiD,train
185.6292157155283,72.98292012117346,40.10910521714279,7da558d92100,APTOS,train
432.9071041108766,96.99097177933673,41.80389345046113,IDRiD_371_train,IDRiD,train
202.82018742368697,59.02836017219388,30.113990309786725,IM002945,Messidor,train
355.1248921426522,80.87769052933673,40.3677600374114,144a1a426137,APTOS,train
344.9103314810025,83.93809789540816,44.14665481256367,20051021_59504_0100_PP,Messidor,train
410.34401024425586,91.3384088010204,45.723921674375354,b6bf847fbcb2,APTOS,train
822.5389979043538,77.72287547831633,44.722063124998705,IM004086,Messidor,train
262.09011996522247,87.72299505739795,35.87406471781314,19ef4d292196,APTOS,train
615.9463410669445,108.55094068877551,55.89698534853092,20060407_43726_0200_PP,Messidor,train
514.6992577386369,67.58761160714286,38.78781761722763,IM002493,Messidor,train
157.01897303475184,92.66035554846938,38.34612338888011,IDRiD_099_train,IDRiD,train
476.40749030210526,100.7065130739796,53.09295817018477,20060410_39355_0200_PP,Messidor,train
451.00444653569434,109.10548867984694,55.28341516112174,20060407_38970_0200_PP,Messidor,train
538.2873288666591,75.36176658163265,40.62127907140599,IM004261,Messidor,train
262.8895564383142,90.85096460459184,45.333490808643276,20051212_38000_0400_PP,Messidor,train
546.1403172881045,93.30231584821429,39.99376525142809,0a85a1e8f9e9,APTOS,train
368.16064238597926,76.79093590561224,40.98928045280402,20051201_38262_0400_PP,Messidor,train
297.96473464425634,81.37041613520408,38.435051420918086,IDRiD_206_train,IDRiD,train
477.1920974648827,102.79466278698979,38.111166937451685,0afdfe5f422c,APTOS,train
745.8342757584502,99.34422831632654,52.523466513631654,20060412_52978_0200_PP,Messidor,train
244.80173630021307,70.20788823341837,36.287131459445924,IM001832,Messidor,train
322.91127817931647,82.49005500637755,41.10792852063719,2eba4279e503,APTOS,train
366.3348882433674,84.73194355867346,42.34130801962949,aa94cc4bfd84,APTOS,train
629.9612533016435,103.61898118622449,53.74701872411041,20060530_55628_0100_PP,Messidor,train
433.2096391874073,98.67030054209184,50.43024250085211,20060530_53540_0100_PP,Messidor,train
508.15986649824254,69.80367107780613,38.27090134063965,IM003338,Messidor,train
341.97686290582084,92.42073899872449,44.41429364304946,aabd867043cf,APTOS,train
553.2211985141225,100.95978156887755,52.02837941750619,20060412_58965_0200_PP,Messidor,train
288.22471088908304,89.06389508928571,44.526937258119204,IM000472,Messidor,train
174.53340878778573,69.5854193239796,30.7775264804683,IDRiD_002_test,IDRiD,train
225.41766298318691,68.40975765306122,29.29275196588117,08b6e3240858,APTOS,train
307.7864092612753,95.61497528698979,45.41265951476294,186c1835eec5,APTOS,train
471.9281626633434,90.40019132653062,47.50779594954708,b9c7c5182075,APTOS,train
261.82360106098406,63.50629783163265,32.837791519150215,51aa3361294c,APTOS,train
380.5271197580784,71.45653300382654,37.26033458588203,IM000850,Messidor,train
675.2990694121488,92.30157844387755,49.666917608997274,1601c939412f,APTOS,train
194.308618029571,95.4251634247449,38.081039337346276,IDRiD_113_train,IDRiD,train
604.5138916355627,88.8773118622449,47.213353830153416,20060407_44304_0200_PP,Messidor,train
286.4183785697909,77.81208147321429,37.366464816000494,1b329a127307,APTOS,train
420.48717861183485,79.70372289540816,41.375942543271826,IM001300,Messidor,train
268.19552168673346,68.97945232780613,36.140966779242646,IM002765,Messidor,train
832.220074089206,88.26929209183673,50.02412749441961,971bb98ab935,APTOS,train
591.7409431202518,88.0884088010204,45.86830000168544,20051020_57566_0100_PP,Messidor,train
299.85716509670084,86.1059271364796,43.799304396695156,IM001232,Messidor,train
309.66766408541355,100.11567283163265,40.661996653347444,IDRiD_050_train,IDRiD,train
472.09014650922376,88.19666772959184,43.86752874486649,8ceff4c4c860,APTOS,train
461.934272565528,103.45338408801021,52.43883534742648,20060523_48005_0100_PP,Messidor,train
493.53247274790436,88.58514030612245,45.466706350167435,05e9126dfa5c,APTOS,train
173.69912196019945,67.06349649234694,37.2602042088507,IM003468,Messidor,train
447.26686949692186,88.64662388392857,43.432165307069845,da9262d9f5d9,APTOS,train
494.6019410765305,88.16890545280613,45.254112964901914,f7116e7b2f4e,APTOS,train
391.91810631265446,87.25687579719387,43.57419948006667,d0b132d2c7ec,APTOS,train
229.19068060115893,71.86507493622449,39.06114807796222,IM004162,Messidor,train
353.7097118001142,76.48286033163265,39.367023016650656,20051130_59186_0400_PP,Messidor,train
608.8821045451738,90.05622209821429,48.34168856778382,20060411_58328_0200_PP,Messidor,train
494.31973637068876,89.59343112244898,44.48504203820273,b3a994760537,APTOS,train
237.58224524760533,71.84901147959184,37.54157402922399,IM001146,Messidor,train
332.87914042570156,78.59576291454081,40.91559086652111,20051117_37321_0400_PP,Messidor,train
394.5130352368209,81.02349728954081,42.143056544789594,7bc00e58d419,APTOS,train
690.6744295471364,101.24641262755102,52.98578122179883,20060411_58624_0200_PP,Messidor,train
373.1104637914179,89.40254304846938,45.012887325972095,7af4d8704032,APTOS,train
496.6922236787731,74.57770647321429,40.484842858097366,IM001911,Messidor,train
264.35852823849274,89.97004544005102,36.84550391414601,IDRiD_032_test,IDRiD,train
447.28128492132123,72.91015625,40.6819089685148,IM004494,Messidor,train
370.47630562637306,75.27670599489795,38.31793151303702,20051202_48232_0400_PP,Messidor,train
613.016769236001,90.86126833545919,43.014032792538174,IDRiD_211_train,IDRiD,train
690.5204684977627,99.10935507015306,45.876187948757284,IDRiD_290_train,IDRiD,train
470.6754596000014,95.98333864795919,50.67265371622298,20060410_39334_0200_PP,Messidor,train
270.830715244584,85.74354272959184,42.964618286476586,bb2f89488ecd,APTOS,train
375.4616396453966,93.75583944515306,47.10620103850813,40c24aded50c,APTOS,train
366.53990025899645,94.43142139668367,42.81844188736194,ff8a0b45c789,APTOS,train
363.3367347570321,93.69068877551021,34.526259707804904,1623e8e3adc4,APTOS,train
178.79108065399018,79.02658641581633,32.345261947593066,IDRiD_043_train,IDRiD,train
381.30762065583986,92.2569355867347,46.132786260537,20060412_52174_0200_PP,Messidor,train
275.5081173163163,108.69280133928571,34.208253631932614,daeaa5d8cf70,APTOS,train
446.53533686384066,81.78306361607143,42.26557628950118,6c9c902a97de,APTOS,train
194.02103027151506,58.584841358418366,32.32849753447814,IM004399,Messidor,train
355.6090931096012,86.40796396683673,41.53662473705791,e50b0174690d,APTOS,train
306.0048793918239,101.03629225127551,49.15885526227958,e79e10907295,APTOS,train
685.78051326256,96.9702447385204,50.84045755135669,20060407_44617_0200_PP,Messidor,train
261.1869177633601,83.33934550382654,40.34734813289901,c406325360b1,APTOS,train
295.52464935512455,74.91346460459184,37.51436965949609,IM002665,Messidor,train
463.0962612461121,86.72925302933673,43.378764545070936,e4dcca36ceb4,APTOS,train
606.540502539082,96.44327965561224,50.1679053733558,20060529_57063_0100_PP,Messidor,train
565.2677603343882,90.71255181760205,46.93565402674933,75ed83dbccce,APTOS,train
241.0447172600247,59.21241230867347,31.14582128162689,7526cf435753,APTOS,train
342.43516989798906,77.5977558992347,39.72576506479321,IM004298,Messidor,train
415.4040389928853,74.5170599489796,39.24988052144792,20060523_49745_0100_PP,Messidor,train
443.0927626396507,88.02501195790816,44.64261062654992,9c514d2d5b3f,APTOS,train
180.36388370167555,58.056082589285715,31.45240072414277,f233638e0e90,APTOS,train
276.5241007898212,87.89431202168367,44.32543908318688,42b93b574f23,APTOS,train
667.987811672047,88.47173947704081,46.51817930862923,20060522_45212_0100_PP,Messidor,train
519.9152854905929,108.7847975127551,34.08622332097592,dbb2c63f6f08,APTOS,train
542.6122704966274,97.98074776785714,49.82107562805887,20060410_47351_0200_PP,Messidor,train
400.2489928420709,83.34119897959184,42.50770269743437,20051205_57704_0400_PP,Messidor,train
390.78823096232827,85.66661352040816,44.235284396755695,IM000292,Messidor,train
399.5443931299167,68.17745535714286,36.967832154294065,IM003772,Messidor,train
577.8139115742275,109.8725286989796,46.77752251876361,IDRiD_342_train,IDRiD,train
232.18944964236093,87.18520806760205,37.62898836978181,cca626a0e19a,APTOS,train
525.6426520162897,78.76656170280613,43.97412860208465,1f9ccda4ddf2,APTOS,train
395.5844956222846,85.58685427295919,42.38572513070499,38e0e28d35d3,APTOS,train
174.75573854871413,100.45246731505102,41.0387031488729,IDRiD_055_train,IDRiD,train
424.99009229818114,77.39652423469387,39.47605491569948,IM000560,Messidor,train
464.4326383121209,87.5992506377551,35.13254607117962,1632c4311fc9,APTOS,train
455.54156342728436,96.07234534438776,40.21892105536619,05cd0178ccfe,APTOS,train
410.9115756633431,82.41629464285714,41.058105961681115,1b398c0494d1,APTOS,train
313.48989362132784,114.78521603954081,58.571030505721126,20060412_60913_0200_PP,Messidor,train
416.83272519403573,89.32150829081633,40.023710344658454,IDRiD_406_train,IDRiD,train
522.3797737432986,87.01929209183673,40.55374916544543,IDRiD_272_train,IDRiD,train
335.78327165569476,73.88713727678571,28.540765444178916,0a3202889f4d,APTOS,train
429.08258312396936,86.70980149872449,42.1992489827566,bf7b4eae7ad0,APTOS,train
273.33600011124105,85.35552853954081,46.124887815107975,cb28adab4e8a,APTOS,train
554.5662651141452,105.9234693877551,53.35645149393439,20060412_58869_0200_PP,Messidor,train
240.81381078423777,62.62643494897959,32.6135122453353,e30a890600e1,APTOS,train
296.4723223102733,92.14632493622449,47.2413109861926,IM004028,Messidor,train
636.8500755430014,77.49441964285714,42.40229061962027,IM000580,Messidor,train
477.11254555480974,88.46153539540816,42.60299264755664,14c3b41d289c,APTOS,train
866.3911061237276,94.68098294005102,53.90726438965745,IM003413,Messidor,train
205.18402009206926,69.40019132653062,34.7920962074623,IM000530,Messidor,train
533.3512550454893,100.56351642219387,43.54703319665346,IDRiD_203_train,IDRiD,train
643.7798064699375,80.9830397002551,43.953144569483726,20051214_41582_0100_PP,Messidor,train
430.9934921359977,72.9497369260204,38.842595619567334,IM004570,Messidor,train
493.39191625675323,95.60526945153062,49.29447708695415,8d4ff745a409,APTOS,train
634.6018644711812,102.47048389668367,53.71851390889604,20060412_58387_0200_PP,Messidor,train
458.699238818072,87.84980867346938,46.0164738687172,IM000094,Messidor,train
488.97789052306285,91.30685985331633,44.5010789482655,46acc506fa61,APTOS,train
221.89813292438615,70.96215322066327,36.58063966800647,IM001845,Messidor,train
508.8557469655156,86.33332669005102,43.82396447046138,cf8ae5501bd6,APTOS,train
435.6982834703572,109.97110172193878,44.67795631318871,IDRiD_073_train,IDRiD,train
508.8044978550503,99.17356903698979,52.05250079058093,20060410_40254_0200_PP,Messidor,train
350.70489838618823,84.84753667091837,34.60795014386617,IDRiD_075_train,IDRiD,train
464.9402386237561,99.77064732142857,50.13313322446946,7347bd23ba80,APTOS,train
497.1247319638952,88.04868861607143,44.28427148195844,e9f3c85a2a02,APTOS,train
517.6504237700483,105.02293925382654,37.14671774368018,0fb1053285cf,APTOS,train
468.672860809288,111.0260084502551,56.30627730739623,20051216_44066_0200_PP,Messidor,train
622.0290961132503,85.36778539540816,45.627795747162295,20060523_45300_0100_PP,Messidor,train
332.83056424509135,80.71183434311224,39.9656262772972,IM002052,Messidor,train
244.08112312922225,51.98094706632653,28.632971450367407,IM003788,Messidor,train
125.22744307226066,95.76801658163265,37.17634664702992,IDRiD_094_test,IDRiD,train
469.231608500435,87.45234773596938,43.899191699580626,4926dea289f8,APTOS,train
449.0495086278284,88.31903698979592,44.607967360888125,53273d664cd8,APTOS,train
439.32870256478765,73.74808673469387,39.38566673432447,20051214_51701_0100_PP,Messidor,train
636.9154142469528,90.56939572704081,45.61786845911892,f3bb996b45ce,APTOS,train
194.9172926822934,74.83757174744898,36.652030463376555,IM002500,Messidor,train
425.1362310772586,88.7061543367347,44.99691686653695,c18a006f7f1d,APTOS,train
345.9547120503016,82.84070073341837,42.9260072013167,20051205_59901_0400_PP,Messidor,train
241.9230606221299,67.94939811862245,32.12586248452087,IDRiD_155_train,IDRiD,train
326.74593982593257,64.80078125,34.306148756482315,IM004227,Messidor,train
311.5676244742073,91.99445950255102,32.896653644783186,180afe1d5ef7,APTOS,train
302.5346030533587,70.84498565051021,36.28792172722274,IM002335,Messidor,train
410.6863411963357,95.72542649872449,35.99671646357455,071435a218ec,APTOS,train
331.7932863819356,81.55642139668367,41.913113335755604,20051202_51574_0400_PP,Messidor,train
408.4038537774965,84.57912149234694,42.5018212881802,946545473380,APTOS,train
658.9309767993576,78.22716039540816,45.696523829009884,0ce062f26edc,APTOS,train
746.3928060626943,115.32981903698979,59.12337539174153,20060412_52371_0200_PP,Messidor,train
463.5811840281393,92.32246492346938,46.914713728941585,3232b34cbe99,APTOS,train
378.05571678349105,74.10614636479592,39.15640617193158,IM000711,Messidor,train
424.4148619928642,87.90654894770408,43.68123440698439,b759cbef90c5,APTOS,train
404.38968596960893,83.81066645408163,44.686810802474426,20051110_35926_0400_PP,Messidor,train
569.4057959060478,91.79460299744898,48.10284806451986,20060407_43460_0200_PP,Messidor,train
414.44398629451877,84.15403778698979,41.63007358849974,b71428739d4e,APTOS,train
410.58330107827527,97.44272161989795,48.538325235837384,57db4781e7ec,APTOS,train
382.5162697072727,93.28244579081633,24.09645397053956,cb602182cde3,APTOS,train
178.18059914710867,51.69325972576531,27.72078864202911,IM003360,Messidor,train
453.252836387091,87.7690728635204,44.38441560052052,3cab32dd6ef9,APTOS,train
381.5568985464373,99.75589923469387,45.255251541103156,IDRiD_289_train,IDRiD,train
533.2095753269759,92.13345025510205,47.59736647779213,20060412_59400_0200_PP,Messidor,train
249.33034682045474,75.18855628188776,38.72174771101044,IM000306,Messidor,train
492.8635716309204,80.59715800382654,41.73205554720186,20051214_40456_0100_PP,Messidor,train
431.3899916792254,89.33795041454081,45.29234297766392,39fd8ef3a45c,APTOS,train
566.9634432318011,92.60939492984694,47.251486707599,cadde4030858,APTOS,train
349.7290283593968,98.31006855867346,42.026650076738164,IDRiD_386_train,IDRiD,train
219.22140145768523,67.03635204081633,35.26186027617192,IDRiD_161_train,IDRiD,train
777.8363497442923,94.62262834821429,50.01878941197742,20060530_53597_0100_PP,Messidor,train
406.0118441246093,73.2391581632653,38.60930785680594,20051020_63337_0100_PP,Messidor,train
199.25937743745015,71.97700095663265,32.86643934475056,IDRiD_014_train,IDRiD,train
299.5295195589459,98.26692044005102,38.54525870404285,a28bfb772f50,APTOS,train
366.3442317985684,72.89363440688776,37.81113679414372,IM000131,Messidor,train
586.3623936028342,92.09897161989795,47.81416991109249,20051021_58802_0100_PP,Messidor,train
387.91196212387246,89.56742267219387,36.442094694551265,IDRiD_034_train,IDRiD,train
213.14018459709328,81.19236288265306,34.88605190295929,IDRiD_321_train,IDRiD,train
501.44898512719925,96.31251992984694,48.876513701950635,0a38b552372d,APTOS,train
423.77318818466904,91.61517458545919,44.89393910781148,af345c68e836,APTOS,train
275.79294975913103,66.5272441007653,37.68905330814341,IM004686,Messidor,train
492.62019499358115,105.15102838010205,33.416741335168616,6c315ad3d07f,APTOS,train
426.8756297666398,82.01078204719387,41.908365373841626,5db2e3a4594a,APTOS,train
271.5412439026965,73.04613759566327,36.36591638705782,IM002071,Messidor,train
465.1952053766755,76.12866709183673,39.916909705411676,20051021_57862_0100_PP,Messidor,train
341.08541055383006,79.42462531887755,41.850761844908895,IM003795,Messidor,train
745.7382146949719,92.62211017219387,49.819400766579385,IM000093,Messidor,train
183.294301100941,85.41161112882654,34.777949043946954,IDRiD_015_test,IDRiD,train
208.89446912453303,64.30831473214286,32.2067180501469,IM001846,Messidor,train
373.57462380221364,73.70581552933673,37.75685802745825,20051205_59754_0400_PP,Messidor,train
422.7388603833257,78.11352040816327,40.6932196508602,20051212_36640_0400_PP,Messidor,train
266.2582059329572,61.49234693877551,33.550566116106985,fd4c946c52bf,APTOS,train
267.3981801211362,76.3968431122449,29.26620514026581,10ecc5292ab1,APTOS,train
698.2481623863689,89.06042729591837,47.630256331963416,20060411_58469_0200_PP,Messidor,train
305.66259109134825,66.83641581632654,35.36396525680116,20051021_51418_0100_PP,Messidor,train
748.8570977973224,94.53734853316327,49.80367027199462,20060523_49928_0100_PP,Messidor,train
549.0966702309911,90.07942044005102,42.69244033415979,IDRiD_186_train,IDRiD,train
231.03449464986247,89.89301658163265,37.43025074640164,IDRiD_135_train,IDRiD,train
501.43058630011075,88.36577248086735,43.877902956480405,9f285b3e57ed,APTOS,train
453.0226336296078,99.5457987882653,52.38043790309482,20051216_46660_0200_PP,Messidor,train
625.8367533554688,89.11804448341837,47.05166068873166,20051214_51569_0100_PP,Messidor,train
903.8616433955888,80.33725286989795,48.275784399155924,IM003625,Messidor,train
344.7417248201986,74.9965521364796,39.04077977859376,20051020_44338_0100_PP,Messidor,train
184.42651758507756,59.95794802295919,30.44325079978776,IM001096,Messidor,train
556.4832296168889,92.48210299744898,39.58872891519465,0104b032c141,APTOS,train
463.35011125633685,98.64251833545919,50.107936122970074,f5c953bee7cd,APTOS,train
302.661850019675,73.6768574617347,27.75454024628433,111898ab463d,APTOS,train
369.1282296770565,106.29316804846938,53.85087485914084,20060407_43223_0200_PP,Messidor,train
225.73096440167092,64.84161750637755,31.261874126200393,IM000776,Messidor,train
418.68878200361013,89.07015306122449,45.38417779549389,d7bc00091cfc,APTOS,train
392.0184577864838,99.61557318239795,49.78111203794988,8bf2d925dc0c,APTOS,train
381.179348057084,63.01498724489796,34.920098508549145,IM001540,Messidor,train
377.06950958645973,75.08087531887755,40.72563374902012,IM003012,Messidor,train
462.8313236498723,79.75984534438776,41.72048865529736,03676c71ed1b,APTOS,train
400.8478039428126,90.23579001913265,34.017508366780326,19244004583f,APTOS,train
574.5757177492719,83.11527423469387,46.86865374851037,10de500cf0c5,APTOS,train
778.8756078460325,96.73431521045919,44.86046588029313,IDRiD_251_train,IDRiD,train
469.07569328182586,91.56415417729592,38.99119192619942,fb696a8e055a,APTOS,train
415.6730962333854,88.6240234375,46.18299023036591,bf87aedf2489,APTOS,train
296.9800298866358,90.28435905612245,35.8656587728835,IDRiD_059_test,IDRiD,train
522.2974644616861,88.51702008928571,29.144492040717722,9785805af1b8,APTOS,train
384.78823551899285,85.03768734056122,44.826086867804136,20060411_58221_0200_PP,Messidor,train
546.7191745626187,71.03587372448979,38.66713629936601,IM004092,Messidor,train
423.212574376905,88.19060905612245,34.63220709563968,012a242ac6ff,APTOS,train
329.2860776940171,82.35463169642857,31.50688664913788,00cb6555d108,APTOS,train
488.13468981881476,91.61583227040816,47.034146671348985,20060523_48028_0100_PP,Messidor,train
290.6829306786382,66.17625956632654,37.148961541319586,5fcff7280019,APTOS,train
814.1415007022063,98.14508928571429,45.03643821064463,IDRiD_243_train,IDRiD,train
153.90425121938122,53.576052295918366,30.28353792891714,4b6895d0cf8d,APTOS,train
356.7845052566592,93.82856345663265,39.42132269284524,IDRiD_117_train,IDRiD,train
274.3538466473015,77.37169164540816,35.20978377357575,IDRiD_084_train,IDRiD,train
494.62894244752096,92.08071588010205,51.765481557973,1864d3411143,APTOS,train
591.7501113427674,94.4092793367347,49.81450905600545,20060407_39306_0200_PP,Messidor,train
328.8705479221908,77.24499760841837,39.524169589660275,IM001484,Messidor,train
382.9835911484273,63.018973214285715,33.72112685062309,20051201_38155_0400_PP,Messidor,train
664.1608860900828,103.50025908801021,46.27033603793012,IDRiD_317_train,IDRiD,train
312.97899305001243,97.66701211734694,41.50387832029832,IDRiD_049_train,IDRiD,train
347.6885847940091,83.49473852040816,42.22382992854497,IM000086,Messidor,train
349.8027845296895,64.51271524234694,34.48243123344177,IM000675,Messidor,train
791.4174519403434,85.78364158163265,43.72860792898913,IDRiD_238_train,IDRiD,train
647.2267900595613,102.53605309311224,52.95885988050389,20060411_62373_0200_PP,Messidor,train
839.5265962246408,96.56224091198979,50.99686928088359,20060530_53617_0100_PP,Messidor,train
424.2820019561119,75.99617346938776,40.43714151136569,20051202_55498_0400_PP,Messidor,train
449.7576131761099,75.61511479591837,40.80522989579971,IM004085,Messidor,train
459.8599614497275,70.31166294642857,37.277967318431514,20051202_55669_0400_PP,Messidor,train
356.1313946273911,74.18327487244898,40.22998610257622,IM004155,Messidor,train
275.0252143223551,86.7958984375,43.87325449586072,12ae44be0d38,APTOS,train
586.3053358301229,87.31307796556122,45.033301271596194,8d9516ea3587,APTOS,train
342.6344518061728,80.40479512117346,40.74567516643076,20051201_37337_0400_PP,Messidor,train
286.56694069528317,85.06901705994898,43.200822502932446,20051130_55269_0400_PP,Messidor,train
292.2429149139926,66.41619499362245,28.14557977219963,0a1076183736,APTOS,train
419.6339307004141,89.41667330994898,45.11498419251398,87a9f4d20f07,APTOS,train
482.7523038737827,98.56110491071429,50.92613938596528,20060407_45230_0200_PP,Messidor,train
375.203422526924,68.08936543367346,35.43805712739727,IM000762,Messidor,train
401.3803505216327,73.90611049107143,39.50002489628718,20051020_58276_0100_PP,Messidor,train
403.81045246084545,84.59739716198979,42.08583413727334,367c7049929c,APTOS,train
814.4046678932347,101.48477359693878,45.29510098026344,IDRiD_090_test,IDRiD,train
341.07001624053737,103.546875,37.429438756713125,18d8fdb140b7,APTOS,train
275.769540768472,86.61244419642857,32.66311341245712,07083738b75e,APTOS,train
486.661294665847,95.87814891581633,49.02977082534378,20060522_46400_0100_PP,Messidor,train
281.8755662112572,70.96849091198979,37.320872449753786,IM004620,Messidor,train
406.63145960275943,79.55239556760205,41.89450701504408,cd93a472e5cd,APTOS,train
481.9915861247331,90.35182158801021,35.71937304545338,0dbaa09a458c,APTOS,train
311.8864675547271,79.21875,40.9034835401664,IM001210,Messidor,train
607.6097118611239,97.54906728316327,50.788955105468496,20060410_41603_0200_PP,Messidor,train
339.06537914117246,84.22993064413265,37.77206744994946,IDRiD_008_train,IDRiD,train
526.9475712313447,86.09544403698979,44.968301246525904,20060412_52668_0200_PP,Messidor,train
832.9813401072485,96.91840720663265,56.61433031613226,IM001138,Messidor,train
491.64387074295354,108.38924984056122,45.36234735356123,IDRiD_307_train,IDRiD,train
283.76186328547936,63.54641661352041,37.735876968065945,IM003841,Messidor,train
424.2820019561119,75.99617346938776,40.43714151136569,20051202_54547_0400_PP,Messidor,train
470.9274800370903,84.9677734375,44.15750831613737,17e6116b89b3,APTOS,train
122.29229048657842,70.84913105867346,28.743996129605353,IDRiD_056_train,IDRiD,train
466.9907841771804,84.53573421556122,32.53902494395127,141735b57ec0,APTOS,train
380.4914756291909,84.27800143494898,42.22483683169949,0a4e1a29ffff,APTOS,train
395.561094906071,85.00310905612245,41.509495969475374,b10fca20c885,APTOS,train
375.1106825848015,99.38012197066327,39.647721039106614,IDRiD_043_test,IDRiD,train
489.6414673903345,92.95966198979592,47.2477805339383,20060412_52860_0200_PP,Messidor,train
228.8105035132043,84.17253268494898,46.525231066681265,0924cec998fa,APTOS,train
109.49189875196387,65.65501434948979,27.880694992562308,IDRiD_153_train,IDRiD,train
452.71962381789507,83.27804129464286,42.53682285674826,513b0a4651fa,APTOS,train
440.3230170361552,97.87326610331633,38.361467415902105,0161338f53cc,APTOS,train
337.2684070626084,88.91069435586735,41.11714818016978,IDRiD_296_train,IDRiD,train
449.1877123293704,75.36403858418367,40.17136454988219,20051020_62802_0100_PP,Messidor,train
576.483176336642,75.36403858418367,41.45007727465706,IM003481,Messidor,train
493.0597006445475,97.45994100765306,48.808735687344225,13d411c85ffd,APTOS,train
451.6334961677084,63.708027742346935,34.083836057426645,IM004207,Messidor,train
241.62023781161164,84.99354272959184,41.68606858999639,20051212_38043_0400_PP,Messidor,train
141.22264984675817,59.20204878826531,22.625353946637606,0d0a21fd354f,APTOS,train
422.09769250908676,93.24443957270408,45.75084313336661,d7ac4a0c9760,APTOS,train
253.58636708122552,62.84990832270408,35.397677730598,20051130_53586_0400_PP,Messidor,train
470.81397541201846,85.40445631377551,44.11108235993815,20051214_51811_0100_PP,Messidor,train
391.7542599948532,83.09540417729592,32.1348254785058,0eff8eacb2f7,APTOS,train
220.3703303621094,75.5717474489796,39.96057121535097,IM003570,Messidor,train
400.23436409729015,96.08318718112245,46.697537539905206,3178559fbf57,APTOS,train
473.5604670539293,106.1483378507653,55.04794244132665,20060411_61029_0200_PP,Messidor,train
506.64797337955855,86.20149075255102,47.75631555503893,bc8c6a778cde,APTOS,train
400.0790630369969,71.60118383290816,38.10507390832616,20060523_49726_0100_PP,Messidor,train
462.5860366944421,90.39259805484694,45.87666934376644,3730c322d35b,APTOS,train
214.30364054592886,83.96508290816327,46.36671678658201,c5a6f432a1ec,APTOS,train
480.3356324449672,96.44427614795919,48.93354750914095,2dd28ac497d2,APTOS,train
423.1028940374779,101.32459741709184,52.03213888165396,20060407_41980_0200_PP,Messidor,train
416.4141676766531,90.35801977040816,45.378064488293134,eda1d75cbcf0,APTOS,train
597.9202496990567,90.38398836096938,41.42049372265112,IDRiD_193_train,IDRiD,train
362.4761915592192,72.5023118622449,38.890512126106074,20051020_58214_0100_PP,Messidor,train
418.732153590646,82.04416454081633,38.24182036728297,IDRiD_187_train,IDRiD,train
436.9527496372049,87.76564492984694,44.06450033876964,4958bfcc9f38,APTOS,train
316.7134374501753,73.4178691007653,39.62893636760436,20051130_59404_0400_PP,Messidor,train
318.7279472668833,79.75386639030613,42.17996679007696,20051130_53991_0400_PP,Messidor,train
273.84281721158806,61.17055963010204,35.49464839080772,IM002803,Messidor,train
473.9704160324885,79.23722496811224,40.09881849335749,d6df4fe492ec,APTOS,train
293.55342220733786,80.91007653061224,38.15276994058952,IDRiD_189_train,IDRiD,train
394.32477647073557,68.5592115752551,34.14309649101057,15bed5adde74,APTOS,train
520.5986241694541,95.60469148596938,49.75802017664488,20060412_61433_0200_PP,Messidor,train
505.8612989606782,88.52885841836735,44.53856796588653,475300735b7f,APTOS,train
454.5719353192452,83.13048070790816,32.32526391226951,0519b934f6b1,APTOS,train
360.7669872441227,89.86427774234694,47.96477804041447,20060412_58638_0200_PP,Messidor,train
265.66897642706795,79.26271524234694,40.43607879832182,20051021_58035_0100_PP,Messidor,train
530.776185152482,89.85714285714286,45.91700005936288,07751b94a88a,APTOS,train
421.93805782559616,83.2862324617347,41.948571129016,0212dd31f623,APTOS,train
335.54925035645886,61.05311304209184,34.62440525192314,IM003894,Messidor,train
473.33586807878555,84.03342235331633,43.79337840179703,f298b7d05958,APTOS,train
426.28392186417074,76.62990274234694,38.58293357627839,IM001217,Messidor,train
486.0842239903391,98.12769052933673,49.19942402542498,bebfbd907cac,APTOS,train
200.28022546700666,72.13490513392857,39.42879934990403,IM002991,Messidor,train
345.8725869120383,71.86180644132654,37.8252239106708,IM000703,Messidor,train
786.1889347201931,93.8243183992347,39.228293661218764,1006345f70b7,APTOS,train
468.22162750789096,77.69587053571429,42.51647034743909,26d9576e8043,APTOS,train
203.94473646601654,68.53047273596938,32.05453310310854,58b866484a05,APTOS,train
406.6624617824848,72.22098214285714,38.37042215920619,20060529_56592_0100_PP,Messidor,train
182.19253368449182,68.24647241709184,30.329806125015562,8714d17bb6da,APTOS,train
715.8515877042498,91.26755819515306,51.737042057612214,cffc50047828,APTOS,train
615.567430031096,90.6030572385204,47.48386732009541,20060523_50325_0100_PP,Messidor,train
467.4859861777455,90.81365593112245,46.76413327980059,ea7e21bab610,APTOS,train
443.5313504082816,93.59646045918367,43.10821987836362,39923b29988a,APTOS,train
392.81881028143175,99.83205117984694,50.508420288850715,ca2b54b95ade,APTOS,train
472.3864044418239,93.78465800382654,48.40266732851337,20060410_44601_0200_PP,Messidor,train
438.9236150469098,91.96163504464286,46.340185260730486,ca05f7e7801b,APTOS,train
301.53122680001536,94.60979352678571,46.920292987599616,a1822dd8d05d,APTOS,train
350.96953339320527,91.02517139668367,43.93191479920974,e4b0df29b96f,APTOS,train
361.18641127769473,90.9854512117347,38.352853270930645,IDRiD_387_train,IDRiD,train
276.53166256403733,70.8032525510204,30.895525183219203,ca1036496659,APTOS,train
398.3563852115553,92.35614636479592,34.574368413912126,00a8624548a9,APTOS,train
431.549446903135,91.29876833545919,45.952205962913276,7b87b0015282,APTOS,train
274.5219445595985,104.05809550382654,41.277933311298135,IDRiD_025_test,IDRiD,train
329.7828943505976,83.95918367346938,43.02708595895527,ff631653374e,APTOS,train
505.85564135035486,90.00213249362245,46.11420675679392,b8dab47a260e,APTOS,train
552.7281123534285,106.0049824617347,54.93304074896662,20060411_61564_0200_PP,Messidor,train
432.41321685064935,84.34367028061224,42.74146678453883,20051207_62320_0400_PP,Messidor,train
449.6439750378254,91.63356983418367,40.68157677713446,IDRiD_080_train,IDRiD,train
266.56090092172434,79.1468431122449,39.08869480377455,IM000567,Messidor,train
240.95429547177605,77.28374123086735,38.750900915325374,IDRiD_103_train,IDRiD,train
208.47536722871968,94.75480309311224,40.64380116906482,IDRiD_083_test,IDRiD,train
404.20100508963554,89.82085060586735,44.010738754076044,f09cfc6a4dbd,APTOS,train
479.1118007216638,79.36937978316327,40.74018695501239,6653ad026901,APTOS,train
512.6240289947084,85.26407047193878,46.30183704481525,20051020_64993_0100_PP,Messidor,train
436.9965984208641,84.83918606505102,43.54894751571547,20051205_57942_0400_PP,Messidor,train
396.30088011079505,94.40832270408163,48.56371112132447,20051205_58431_0400_PP,Messidor,train
331.5541163710245,90.04268973214286,43.78587053511546,5f6db235c04d,APTOS,train
213.46835227848737,52.37755102040816,29.280764251692837,0b00f8a77510,APTOS,train
474.6210655059878,88.86619100765306,36.654209074233876,IDRiD_092_train,IDRiD,train
1403.2369987602187,102.9928053252551,55.760853364268016,20060529_56853_0100_PP,Messidor,train
167.65803716541183,74.8248365752551,39.625017978015485,20051202_55797_0400_PP,Messidor,train
434.4479504020848,90.44180484693878,38.73079420108254,IDRiD_156_train,IDRiD,train
270.1679530654138,84.9395527742347,30.772284079440798,1a03a7970337,APTOS,train
404.23797120257547,76.93550701530613,39.1360952893133,20051201_37409_0400_PP,Messidor,train
472.9041580297906,65.07368064413265,36.44617883596355,20051130_58998_0400_PP,Messidor,train
396.74364541501416,94.88562260841837,46.61109866819187,7d94a000c2d0,APTOS,train
172.2235818785064,55.36573262117347,29.090529001108774,20051205_33006_0400_PP,Messidor,train
381.1109518502366,99.80739795918367,38.077772870640125,04d029cfb612,APTOS,train
417.0778588128557,104.66505899234694,48.4050959297714,IDRiD_273_train,IDRiD,train
202.3606328793438,59.885184151785715,30.03936271060888,IM002946,Messidor,train
555.663610112811,82.44626913265306,43.23470065067628,aeccef0bdc26,APTOS,train
357.31192976511903,94.1793287627551,46.70140824645978,3c28fd846b43,APTOS,train
416.98148266150025,86.72161989795919,42.91341301918332,db52626d450c,APTOS,train
629.1389013697136,77.29783163265306,42.067122097440155,20051020_44598_0100_PP,Messidor,train
500.2178129186635,80.63677853954081,41.28352197958992,1b862fb6f65d,APTOS,train
584.9629180142404,76.41145169005102,41.47028105974019,ace287a5c991,APTOS,train
569.0281745739055,89.6592793367347,45.746581748804275,4403538fb50f,APTOS,train
575.4539534550117,92.685546875,47.70768501483304,20060530_54632_0100_PP,Messidor,train
674.5877259586912,115.5414740114796,43.888689088492626,14515b8f19b6,APTOS,train
487.8579610894492,99.69977678571429,42.94205952993072,0c2e2369dfff,APTOS,train
328.6586246879733,82.61798469387755,41.459185581594,IM000667,Messidor,train
754.9218930387834,85.3805006377551,49.292541153782295,edceb0657d77,APTOS,train
547.0995280525178,70.53950095663265,38.41241551995248,IM004093,Messidor,train
245.86560688868803,73.23395647321429,27.185369149196408,042470a92154,APTOS,train
325.9041587669916,70.29805086096938,36.69657294065227,IM000515,Messidor,train
338.18540954589844,100.21550143494898,26.427446579202197,262ad704319c,APTOS,train
280.48863291869503,71.65053013392857,38.24489424360185,20051130_54323_0400_PP,Messidor,train
397.081587076485,78.5951849489796,39.97080891280992,77e7c7a160c8,APTOS,train
308.8866486837347,78.26630261479592,35.66127529706083,b2aaa81cc8f0,APTOS,train
90.66807311319003,76.36306202168367,28.2832252450194,12025b34deb8,APTOS,train
565.405563092341,105.00554049744898,54.36575661445421,20060410_41356_0200_PP,Messidor,train
490.0669319882884,88.29015864158163,43.57072932427452,949710bead24,APTOS,train
461.10251009836645,69.24214764030613,37.29275639118725,IM004606,Messidor,train
587.9623850576581,90.14395328443878,47.47869068062579,20060530_53233_0100_PP,Messidor,train
299.60637152209875,77.49099170918367,39.49303855407114,IM002400,Messidor,train
374.9361174415419,73.42131696428571,40.729391327497915,20051110_38507_0400_PP,Messidor,train
580.4751206806728,95.46785315688776,44.262595705293585,IDRiD_245_train,IDRiD,train
480.816864229748,82.46597975127551,51.58732896472266,4dd7b322f342,APTOS,train
469.9976875145502,94.53537547831633,48.80961842317916,20060523_43248_0100_PP,Messidor,train
250.5888075437311,67.01062260841837,35.44778057710508,IM003641,Messidor,train
474.8807417723796,72.69826211734694,39.43206953268208,IM003230,Messidor,train
490.14044114303107,86.48463408801021,46.08909591535031,e1b8acb1cea1,APTOS,train
612.4229339002222,69.93283641581633,38.41416602869976,IM003337,Messidor,train
337.711663102766,93.02172353316327,49.482539244443615,20051207_56227_0400_PP,Messidor,train
473.1015518979696,87.29508131377551,46.50268359990367,48a45619d1a3,APTOS,train
348.8488474634974,84.31313775510205,42.59226647522211,IM002148,Messidor,train
395.38603797310446,85.0111009247449,43.8371891812079,20051205_57988_0400_PP,Messidor,train
442.03941153884176,102.33187181122449,37.27333807586532,19e350c7c83c,APTOS,train
625.499287374116,104.10847815688776,54.07479779200155,20060523_48477_0100_PP,Messidor,train
444.9882889139508,79.34671954719387,39.45767688684763,44878f34e31f,APTOS,train
380.08701836015234,89.74633290816327,43.9764527735268,3c9529918097,APTOS,train
421.9569396206062,90.06983418367346,38.19692250446089,IDRiD_412_train,IDRiD,train
410.0693290167081,69.08962452168367,36.30449753055933,83517eaeccb9,APTOS,train
326.26282670546556,53.87539859693877,31.998413355523855,0da632ca45e0,APTOS,train
214.5668922366325,96.78049266581633,38.914329273983576,IDRiD_054_train,IDRiD,train
275.81629342290074,67.61752630739795,34.68817938850363,IM002718,Messidor,train
541.7538180746469,73.30426897321429,41.091161730195616,86d58f850a0c,APTOS,train
437.681930052246,84.4262396364796,43.08448421499367,6f460f9968c7,APTOS,train
557.7346721110569,94.35618622448979,49.178427611533806,2ef4a04aed1b,APTOS,train
500.5261440471727,77.24314413265306,40.00720489798849,IM002659,Messidor,train
332.89321831413633,88.14831792091837,43.60888462001737,02da652c74b8,APTOS,train
487.35915347706623,97.49679129464286,50.29162711188963,20060407_45087_0200_PP,Messidor,train
365.87470949197603,85.71498325892857,42.47250174322773,e29e54ff921e,APTOS,train
203.73244742878475,72.6156927614796,28.643300507679044,0ca0aee4d57e,APTOS,train
252.8538173944044,80.10028698979592,37.10809331993637,IDRiD_413_train,IDRiD,train
1007.7653995293073,96.33988360969387,45.85285865180683,IDRiD_233_train,IDRiD,train
667.549594352862,77.59855309311224,42.11356348318346,20051116_44816_0400_PP,Messidor,train
354.2027988012807,81.11092952806122,40.891994631384414,IM001680,Messidor,train
323.5452392717939,71.49643255739795,35.714542789651716,IM001636,Messidor,train
720.9793436697054,94.93728077168367,49.443949214950386,1a1e974a7dbf,APTOS,train
368.77404303711586,86.49653220663265,43.62159989194083,d6803e467592,APTOS,train
147.76073905082106,57.699916294642854,34.74375627534456,0b3efe669365,APTOS,train
570.3256399829106,75.91055484693878,41.29816021944588,20051021_58388_0100_PP,Messidor,train
376.07182245123437,95.65274234693878,47.88933555889977,IM002449,Messidor,train
257.80315882322543,70.44489397321429,37.17720489456194,20051212_38076_0400_PP,Messidor,train
520.371702118746,93.60040656887755,49.370380530098636,20060529_56420_0100_PP,Messidor,train
668.9268047756972,79.60339604591837,45.01094360564377,20051214_51953_0100_PP,Messidor,train
389.5774714486989,77.20145089285714,41.763583438132905,20051020_62510_0100_PP,Messidor,train
552.0503530152785,97.89092394770408,50.90528866549744,20060410_39229_0200_PP,Messidor,train
326.4648098371665,84.16757015306122,42.34779756761839,IM000601,Messidor,train
563.504142866091,100.73461415816327,37.545577139866516,04ac765f91a1,APTOS,train
300.91021496551525,70.73656728316327,30.535500190596593,1c578b72d7b3,APTOS,train
265.3666918558759,70.17765465561224,36.41454298841992,20051117_37042_0400_PP,Messidor,train
513.8161815526535,98.26534598214286,50.22947246398035,20060411_61214_0200_PP,Messidor,train
254.55516396021656,79.36784518494898,30.147375862471417,166068a24416,APTOS,train
313.4718013622025,72.20059390943878,36.26460935110625,96ce10a1dbd7,APTOS,train
220.3266432705347,59.92012117346939,29.79421804651322,IM000777,Messidor,train
330.6024969018335,94.16974250637755,48.81492179717629,a73d012c4c38,APTOS,train
400.8375929574676,67.17546237244898,37.18573065088325,IM003423,Messidor,train
732.7399127357256,96.15397799744898,50.67290706249304,20060407_39328_0200_PP,Messidor,train
440.0835048130581,87.93046476403062,45.06786938160192,e04f3c6619a3,APTOS,train
361.3234837221037,76.43072385204081,40.14121358384287,IM002543,Messidor,train
139.15623289185334,73.18000637755102,30.894748013973153,IDRiD_127_train,IDRiD,train
538.9035590242119,103.48746412627551,43.19836126376589,IDRiD_258_train,IDRiD,train
396.69774385076516,93.83904655612245,46.01500778968001,c3c8fdda50c0,APTOS,train
460.20799009425605,86.03653140943878,43.92363277033349,ef81cd8854cb,APTOS,train
510.1217988175881,112.65626992984694,56.68055153949431,20060412_57874_0200_PP,Messidor,train
324.7097365515573,90.66683274872449,45.29292140427633,fe3f62695b2d,APTOS,train
167.09544271352343,96.50314891581633,41.838521534788754,IDRiD_102_test,IDRiD,train
351.23734995187795,70.15557238520408,35.85886461220335,IM002861,Messidor,train
529.3251243124203,89.6883769132653,47.5491080778414,20051020_45050_0100_PP,Messidor,train
268.8441068144055,59.76122050382653,32.27673946068866,IM000213,Messidor,train
342.11758511665215,78.25352758290816,39.92392964819778,20051130_60794_0400_PP,Messidor,train
366.903917050868,70.09793526785714,37.81892200327017,IM000594,Messidor,train
263.6267064736814,62.026586415816325,32.57598326040032,IM003596,Messidor,train
315.8702153988751,66.98096699617346,33.882775373127814,IM001185,Messidor,train
191.18201069353225,75.20180963010205,40.64690208158343,IM002990,Messidor,train
583.6156938732391,94.84855309311224,49.56664928678701,20060412_58819_0200_PP,Messidor,train
147.01096524123795,62.43612484056123,32.946061167169034,609be3ca5ddf,APTOS,train
229.26375196894622,84.91276705994898,35.110614990699595,IDRiD_011_test,IDRiD,train
787.4481996776957,95.65389827806122,42.599681363946914,IDRiD_256_train,IDRiD,train
324.0850887366108,72.1536790497449,37.25491124144692,IM002846,Messidor,train
461.9561541107285,105.11403858418367,41.84363056273565,IDRiD_381_train,IDRiD,train
101.56909415424987,56.204759247448976,28.556305394710858,1b8701231c8f,APTOS,train
365.92781414364043,73.31684470663265,38.54709332848245,IM000168,Messidor,train
573.4115715610737,89.04207190688776,45.07643296885549,32d7d360d891,APTOS,train
591.4753083416146,101.34691884566327,52.09353062701978,20060407_45718_0200_PP,Messidor,train
519.1679268467183,70.53519610969387,37.666377259280644,20051020_44636_0100_PP,Messidor,train
335.9855965912615,87.28946109693878,43.50906183721365,ebd96d853918,APTOS,train
504.0136738308069,94.43658322704081,48.65664920107192,0e3572b5884a,APTOS,train
443.35644711061906,73.64720184948979,36.75132287526999,18323d8f2470,APTOS,train
244.02536974147876,85.06074617346938,45.12307230553083,20060412_58668_0200_PP,Messidor,train
204.27746810817757,96.3770527742347,38.72292697759067,IDRiD_340_train,IDRiD,train
425.9840413303685,105.94302056760205,42.48710087483754,IDRiD_393_train,IDRiD,train
326.6946468865658,98.8592753507653,35.7358721993368,1bea04b2bb2d,APTOS,train
203.37080570619736,68.46665736607143,31.06216065910628,IDRiD_085_train,IDRiD,train
412.9642582658627,86.55582350127551,43.64966301269586,20051207_62275_0400_PP,Messidor,train
435.93868074174827,95.97731983418367,49.41468918544113,3af9aaa880e9,APTOS,train
432.0868232433919,84.61710778061224,43.277499486316536,20051214_57404_0100_PP,Messidor,train
415.643898302195,74.4360052614796,38.26752031822933,20051205_59738_0400_PP,Messidor,train
494.4099014545172,92.81855867346938,47.34670697772246,20051216_44961_0200_PP,Messidor,train
245.14686940323057,64.46721540178571,34.9237462173124,541db13517e2,APTOS,train
349.7315051512934,75.12753109056122,40.90416565422322,20051130_53663_0400_PP,Messidor,train
299.1021152192084,83.13117825255102,43.90721810264807,IM004161,Messidor,train
341.08111118148236,107.14676339285714,55.149085039766106,20051208_41373_0400_PP,Messidor,train
374.74837152146625,83.09883211096938,42.33235309846207,51af8a689511,APTOS,train
449.09569500585934,88.75982541454081,38.70918343257467,1b4625877527,APTOS,train
438.0187260676602,84.1722337372449,41.71767095123932,883c6a184f16,APTOS,train
409.09527120427356,77.74272560586735,41.84026883753979,20051202_55607_0400_PP,Messidor,train
613.3775528109803,84.22189891581633,45.26367781880892,20060522_46104_0100_PP,Messidor,train
196.52368254901862,70.56411431760205,35.133116182362194,IM000115,Messidor,train
496.33561855214475,74.97554607780613,32.93495825877065,096436d68d06,APTOS,train
447.7712537578025,88.59550382653062,44.133561967798904,ad312ca98202,APTOS,train
424.8476481519109,107.74641262755102,53.914732834901635,20060407_43856_0200_PP,Messidor,train
424.8939426867777,91.31566884566327,46.078801649335524,c94f37085d0f,APTOS,train
276.4680128943568,82.27469308035714,42.60939994313343,20051202_56012_0400_PP,Messidor,train
380.3365325228665,90.2645487882653,45.56863882775794,ae975c43bd8b,APTOS,train
351.79832590683856,91.38438695790816,45.50619476656064,851e40a21f81,APTOS,train
400.7034705550111,91.53489716198979,45.41964656386654,a0fd94e2ad76,APTOS,train
576.1008485871918,94.03977997448979,47.50413276680334,d1ca85af57c9,APTOS,train
313.3614135322746,99.0766900510204,25.458052990501788,14ee87d6cc42,APTOS,train
318.80133173417073,78.18279655612245,44.19747504848458,4a96c28f3f07,APTOS,train
171.4946692231197,75.66988201530613,36.06948752891181,IM002952,Messidor,train
542.7550775411971,86.84596221301021,48.16534645085979,20060412_58563_0200_PP,Messidor,train
833.4224366438681,91.43277662627551,48.762058877702394,20051213_62518_0100_PP,Messidor,train
215.69817741549744,77.0987324617347,39.75889270057706,20051214_57260_0100_PP,Messidor,train
398.88824016598056,83.93656329719387,41.17096030888034,8344c783da65,APTOS,train
181.19818577732656,63.04139429209184,33.988251384029155,IM004805,Messidor,train
362.83919014785744,86.29280931122449,44.040354844879175,fb88783de055,APTOS,train
491.6422789099811,87.88329081632654,43.81823499699823,97d02a9b94f7,APTOS,train
367.7463766790737,93.95780851403062,47.09117620073928,d838d5b9f571,APTOS,train
562.1207610928282,92.80961017219387,47.385741381220434,df6d13d04da1,APTOS,train
872.1038415977131,130.4499960140306,66.50129715665103,20060410_40830_0200_PP,Messidor,train
482.65510986626816,90.05179767219387,46.31415683786028,6f689fced922,APTOS,train
225.89351064450832,64.04540019132654,31.631115611938046,IM001701,Messidor,train
708.6498715338337,97.89012675382654,51.058045134835986,20060407_44636_0200_PP,Messidor,train
388.70655311002974,75.1822584502551,34.96055774761613,1a19f2ef4472,APTOS,train
325.00988016442335,69.19232302295919,36.49418768885157,20051213_62251_0100_PP,Messidor,train
477.5460380254711,106.93074378188776,54.84194051441107,20051216_47703_0200_PP,Messidor,train
367.12143146708723,79.12492028061224,40.328786903237706,29a13e666266,APTOS,train
194.134270524641,57.374143016581634,30.516474336628274,90a9a41eec6d,APTOS,train
297.94661353102134,73.40977758290816,32.06762884494085,IDRiD_130_train,IDRiD,train
417.0699411250809,94.36870216836735,46.92267452526441,7ec0e61a7e29,APTOS,train
357.0014248247794,82.44917889030613,40.843431708258265,e594c19e2e1d,APTOS,train
323.6509205799508,60.83207110969388,29.63452612301671,18af532e7e1e,APTOS,train
368.8015206101436,76.56449298469387,41.05657857040058,20051117_37078_0400_PP,Messidor,train
179.0538204483865,47.94569116709184,28.165000964766733,5d3c8c1f57da,APTOS,train
453.4736729772426,105.65387834821429,38.43520606262441,1ffaa51a6245,APTOS,train
318.8061613935275,97.32069116709184,51.62045999519378,0151781fe50b,APTOS,train
324.3383874333138,77.53890306122449,34.52893641860094,31452ad8808c,APTOS,train
403.27639992780263,79.65166613520408,40.655477632683095,20051202_41260_0400_PP,Messidor,train
427.79979299039263,91.24509725765306,45.62481692764618,8a8a251770cd,APTOS,train
429.549100065966,83.87727200255102,44.29369353181876,IM000812,Messidor,train
472.41391294829697,66.7735371492347,37.73443612214246,0773a1c326ad,APTOS,train
331.9866937766816,88.74238679846938,36.79502582710017,IDRiD_091_train,IDRiD,train
361.66390881862117,82.25141501913265,42.8018424373326,20051130_60740_0400_PP,Messidor,train
342.23126431695124,79.68927375637755,40.60945799326028,20051205_58354_0400_PP,Messidor,train
396.82717264914993,100.89289700255102,50.95807702815247,20060412_59717_0200_PP,Messidor,train
433.68673127375763,97.12543845663265,42.451152359178295,IDRiD_254_train,IDRiD,train
492.2437463174111,78.25005978954081,43.864237130307515,20051214_56636_0100_PP,Messidor,train
283.70065440440464,75.53252551020408,38.611516277158664,IM000305,Messidor,train
381.9429557955995,84.1240234375,42.07668439056269,2927665214e1,APTOS,train
518.1536261106918,102.86304209183673,53.16681180713654,20060410_43979_0200_PP,Messidor,train
116.81215239544304,60.01576450892857,28.635429340276037,5078caaf1f57,APTOS,train
460.8261506598178,72.91282684948979,39.42823142581138,20051116_58828_0400_PP,Messidor,train
226.15617441426016,55.9216159119898,29.682110384623964,d6130f2ec903,APTOS,train
354.39032279844344,73.82475685586735,36.027812454123065,IDRiD_200_train,IDRiD,train
441.3560645847407,87.83848852040816,42.972510992863285,b835b6e31a59,APTOS,train
545.9501964802645,85.7000956632653,44.71650332521211,20051214_50933_0100_PP,Messidor,train
251.94182224067137,105.82114955357143,42.63490485888863,IDRiD_021_train,IDRiD,train
870.2964478647245,87.45129145408163,46.62369047981022,20060522_45796_0100_PP,Messidor,train
350.71239731322714,85.31222098214286,41.35819885784368,3c72f580d4ba,APTOS,train
500.95763862574904,115.1934590242347,59.554497926848086,20060410_39695_0200_PP,Messidor,train
280.14668600582075,75.9222337372449,40.25207130299429,20051130_55086_0400_PP,Messidor,train
506.5939692088536,81.93867586096938,43.12625938748757,20060523_48199_0100_PP,Messidor,train
525.5869258064769,97.4741509885204,50.89736674761634,20060407_39761_0200_PP,Messidor,train
232.27412179051612,62.86128826530612,34.03062265353532,20060530_53836_0100_PP,Messidor,train
400.83663255182324,79.15228396045919,42.82601487634005,IM003057,Messidor,train
524.8170749449026,91.38203523596938,47.4428163795493,8e2a3978c244,APTOS,train
311.5477767107836,58.92753507653061,31.716512914204603,IM004600,Messidor,train
604.2856108217824,98.48481345663265,50.318237176824724,20060412_52122_0200_PP,Messidor,train
373.43094683626896,85.36489556760205,43.02101346772058,8a482c024fc2,APTOS,train
216.94762064446414,69.92440609056122,35.25222536496142,IM000826,Messidor,train
270.22026443958083,99.79282924107143,49.3409574623961,20060412_58548_0200_PP,Messidor,train
369.58635571538184,80.58205117984694,46.613008105240226,0f6e645466a2,APTOS,train
560.5903286022327,95.68927375637755,51.108115114404164,20060411_58993_0200_PP,Messidor,train
924.0559689487233,98.0989915497449,44.6746960813968,IDRiD_209_train,IDRiD,train
370.74392791034677,78.18054448341837,41.32127168629271,20051117_37213_0400_PP,Messidor,train
239.61408725176094,87.95647321428571,44.05957955871645,IM000326,Messidor,train
504.99243651981504,105.39770009566327,53.31668129914955,20060411_59587_0200_PP,Messidor,train
218.43402071487702,65.38783482142857,34.47319310734188,IM002733,Messidor,train
448.1876661863887,89.29157366071429,45.84362898664518,e4d3d437b0a8,APTOS,train
489.2698942325057,98.572265625,50.49208663183862,20051216_47536_0200_PP,Messidor,train
567.1872813929026,92.740234375,48.91844146449237,20060412_60337_0200_PP,Messidor,train
321.9375063579611,95.77855947066327,39.59384150397915,IDRiD_101_train,IDRiD,train
522.5614953853348,76.86810427295919,43.47342679814085,c21eb81de9fc,APTOS,train
478.4601970308773,91.61684869260205,46.31823404372144,b294927b14b0,APTOS,train
630.9569328586938,107.00569993622449,47.86484903678585,IDRiD_306_train,IDRiD,train
295.6573157602427,101.4683912627551,35.57459115667052,1120f6d08d95,APTOS,train
399.72823006726463,101.96721540178571,51.93065712563704,3c42512c81e0,APTOS,train
420.8992975779943,79.92817283163265,40.668430752402855,IM002415,Messidor,train
466.2135157233623,75.72524713010205,41.16886788260618,IM003390,Messidor,train
358.88759136716317,100.16643415178571,39.68529971112275,IDRiD_021_test,IDRiD,train
602.1946900001122,92.01399075255102,40.5234174872453,03fd50da928d,APTOS,train
555.2396996485,93.86278300382654,49.36288565965068,20060411_61808_0200_PP,Messidor,train
321.26041506727944,75.23824139030613,38.439927556913545,20051020_44431_0100_PP,Messidor,train
773.3293305901078,98.49194834183673,51.23596333317501,20060412_61681_0200_PP,Messidor,train
349.7243537787644,69.47835618622449,37.48472437992165,2ef955d6d9ff,APTOS,train
528.4035685136882,80.35148278061224,44.23021599234999,cd66754e1b3b,APTOS,train
509.57712072732295,76.19048947704081,41.02954417645917,44271f3cb18f,APTOS,train
706.5320235017635,85.15780452806122,45.0237241051565,20060530_55837_0100_PP,Messidor,train
301.5964261920489,83.45691167091837,43.34518086594529,IM000479,Messidor,train
412.2442411826283,84.25187340561224,44.981864796302645,370f575adb23,APTOS,train
515.2283082157312,96.62169164540816,49.57071915155267,20060407_40582_0200_PP,Messidor,train
542.2399693639613,93.25167410714286,41.51763101401912,IDRiD_178_train,IDRiD,train
242.93180607418773,78.50356744260205,38.45841044003735,IM002156,Messidor,train
470.6176055147964,92.11690848214286,45.100895388060344,912fbe06407e,APTOS,train
416.297413302878,93.77076690051021,35.86721036482299,080f66eedfb9,APTOS,train
448.96776356115174,105.48858019770408,53.63824468955319,20060412_60845_0200_PP,Messidor,train
192.7606871989011,69.25408561862245,40.126998563072306,e5197d77ec68,APTOS,train
490.5140246892164,82.36549346301021,42.9867284316545,20051214_57377_0100_PP,Messidor,train
907.8091566788063,78.73114636479592,45.01286512802825,IM003330,Messidor,train
621.3872094299335,91.76566485969387,48.84119966530408,20060410_40499_0200_PP,Messidor,train
445.91924118429654,97.66792889030613,37.72413065010469,15528e740543,APTOS,train
354.4621371353036,96.79141422193878,41.38733779233651,IDRiD_314_train,IDRiD,train
302.89555833896765,82.99924266581633,35.42861417318729,IDRiD_094_train,IDRiD,train
385.2922383729044,73.83946508290816,38.332116063111535,20051130_55124_0400_PP,Messidor,train
391.3296598615571,81.77566964285714,41.88213533327232,20051205_59833_0400_PP,Messidor,train
307.0320840142062,68.99930245535714,37.75587633330512,IM003071,Messidor,train
288.0432228233754,65.47458944515306,32.47195537494747,IM002860,Messidor,train
284.07472205330856,74.57938058035714,37.8864404582756,IM002585,Messidor,train
338.82276830550086,79.87571747448979,42.05961696720303,c5b58cc992af,APTOS,train
305.20961944662696,86.38117825255102,43.51847576003228,IM001027,Messidor,train
517.8211315556995,76.17950813137755,40.09827794727782,20051020_64007_0100_PP,Messidor,train
155.08822004539874,64.88366948341837,27.597906643577073,1891698febce,APTOS,train
424.0954159911798,95.37187101403062,42.67558787827441,IDRiD_353_train,IDRiD,train
455.80079428924216,75.4017259247449,41.517442732795196,IM003391,Messidor,train
416.3815487452915,73.6795878507653,37.33367444074083,IM001387,Messidor,train
593.4384209097847,89.83029735331633,45.572670136302854,35cd9832fc0a,APTOS,train
640.435727781179,97.04434390943878,50.3466289870411,20051216_44635_0200_PP,Messidor,train
517.6729415323972,77.69379783163265,40.54444758961309,20051202_36970_0400_PP,Messidor,train
178.58011297959177,82.64086415816327,38.0625283722714,7efc91af4ae6,APTOS,train
174.9758465567116,65.85622608418367,34.92747326063475,IM000357,Messidor,train
191.6205893631331,82.09548389668367,37.185695360262386,IDRiD_107_train,IDRiD,train
222.75087643622953,70.82463727678571,35.14722474384917,IM001942,Messidor,train
394.4237426347109,71.87496014030613,37.297430526757246,20060523_48816_0100_PP,Messidor,train
759.7071312408258,106.74204799107143,36.863785243123644,d9bbdc33db83,APTOS,train
423.3072276018104,88.6752630739796,45.81856191286521,59bd19c1c5bb,APTOS,train
454.6449257792259,102.0434869260204,35.47154817682384,4dd71fc7f22b,APTOS,train
307.56482983310735,76.02142458545919,38.77924854040252,IM001246,Messidor,train
534.9415908997777,90.17813297193878,46.12812252810955,22449af52060,APTOS,train
332.11029231791593,71.16270727040816,37.911811851648146,20051021_51804_0100_PP,Messidor,train
358.11657197810064,82.97638313137755,41.86503532206501,a646c084928c,APTOS,train
358.1493182577525,82.91491948341837,31.85901515935985,0c55d58bebaf,APTOS,train
400.169451793399,86.60070551658163,43.191752060899965,2a93334f663a,APTOS,train
464.2192088881416,87.63113839285714,45.67270646523669,20051020_45068_0100_PP,Messidor,train
303.94573605333653,86.24467873086735,42.331852214126066,0ae2dd2e09ea,APTOS,train
200.009469422734,75.72739955357143,41.2372331073964,e529c5757d64,APTOS,train
917.0549951475493,90.2211615114796,48.59110494037887,20060523_49591_0100_PP,Messidor,train
364.44551882571056,88.67227359693878,43.84745679302234,3b9817a39adf,APTOS,train
329.54526035153134,75.6440130739796,38.08610202058328,cfb17a7cc8d4,APTOS,train
275.07684664227776,65.05693957270408,34.22162278374102,IM002465,Messidor,train
647.0417999814124,87.47694116709184,46.96314444756089,20060411_58494_0200_PP,Messidor,train
824.3583479420138,91.2200852997449,42.73578021792232,IDRiD_276_train,IDRiD,train
294.584068628412,91.99278539540816,47.88152476175654,20051202_54611_0400_PP,Messidor,train
171.3256165525507,63.41322544642857,34.01383382879641,84b88e8d3bca,APTOS,train
311.93474250612337,86.84546396683673,43.71479353468652,53327edb9e4d,APTOS,train
372.74722827329873,83.68480947066327,41.3363660507117,f36cb007a1ef,APTOS,train
288.77139682444067,78.79699457908163,43.050320808412586,a8aed92940fb,APTOS,train
282.2378618525545,71.83199139030613,37.09128665962199,IM000139,Messidor,train
342.9243932213201,87.39397321428571,45.4538177093396,20060412_58471_0200_PP,Messidor,train
364.23641119317085,75.3226243622449,38.537255797984024,20051201_38537_0400_PP,Messidor,train
130.039421135562,92.6474609375,36.655464333981215,IDRiD_097_test,IDRiD,train
304.5154966344837,62.77592873086735,34.41399856639488,IM002578,Messidor,train
501.4203317015432,78.05369100765306,41.07689437534374,IM003430,Messidor,train
139.9647547325856,77.693359375,32.18797615414098,IDRiD_111_train,IDRiD,train
498.7114227164641,91.54856903698979,47.28679739307849,20060523_48102_0100_PP,Messidor,train
344.21832216287436,74.0750956632653,37.377012137714935,1002f3fe38f0,APTOS,train
420.54814939447266,93.93817761479592,47.205548866727675,80b5697f2a5e,APTOS,train
175.17541879497438,64.57633131377551,31.844752195740014,IM000350,Messidor,train
251.2721367152419,63.55428890306123,33.513061354495925,IM002135,Messidor,train
583.9249376315267,99.8120416135204,43.852876576677254,IDRiD_311_train,IDRiD,train
406.0629903844177,96.80233577806122,41.82469220632514,IDRiD_299_train,IDRiD,train
330.79038493328426,70.04406489158163,36.68868682798017,20060523_45235_0100_PP,Messidor,train
447.50760872748344,94.96916852678571,48.8739208819291,20060530_55390_0100_PP,Messidor,train
380.86612824031283,82.50081712372449,42.39002502088297,IM003602,Messidor,train
408.971216215287,91.89564732142857,46.665361065112876,20060412_51677_0200_PP,Messidor,train
376.2387074947556,91.6815409757653,46.03373456777943,d74ccc796517,APTOS,train
389.42495398618735,83.52279974489795,41.92579920113361,a484bdf85b4c,APTOS,train
458.80243075584076,96.93674266581633,47.76140544323139,478fc46eaa49,APTOS,train
422.6833900914794,84.91918447066327,42.49693990639344,fed5bb685832,APTOS,train
396.84849486019357,95.69830197704081,45.59825644057335,aaaadb174012,APTOS,train
508.205573742909,85.10186144770408,44.182594422635646,IM001965,Messidor,train
580.0388324662875,88.15632971938776,48.513133377735755,093cf723fede,APTOS,train
100.71898318270456,58.10859773596939,31.086732700538867,4c60f6fcea75,APTOS,train
621.9268956293618,78.80843431122449,42.37007514166518,IM000732,Messidor,train
542.7128755997638,92.40345982142857,47.995578351366774,20060407_45592_0200_PP,Messidor,train
295.29616169292,83.90162627551021,43.869268557365864,20051202_56000_0400_PP,Messidor,train
441.7004452236292,86.54633689413265,44.181325942935615,7f2cce721e19,APTOS,train
189.64595148633887,55.28324298469388,34.05750014521344,09934421c79e,APTOS,train
315.6772667337884,79.04047751913265,35.98617178518497,080ee76c958c,APTOS,train
357.13933254013165,91.04657605229592,33.33188491239183,16ce555748d8,APTOS,train
588.4716634166484,76.01602359693878,40.07608981759974,20051202_54197_0400_PP,Messidor,train
432.24530781591403,88.64253826530613,37.531631155328945,086d41d17da8,APTOS,train
147.425981334923,73.59725765306122,28.096766363891135,IDRiD_137_train,IDRiD,train
230.8195887068717,103.62093431122449,23.645882384019828,aef9016557ca,APTOS,train
380.29919636800656,89.83924585459184,45.63793790146639,fd87b6b2e664,APTOS,train
432.82713356637703,73.77570950255102,35.703484927835014,0fd16b64697e,APTOS,train
113.64121514049882,53.54549984056123,27.265560630100616,7ef5ff774a48,APTOS,train
380.6326798828678,91.12583705357143,45.03265924961651,93802d1e3c41,APTOS,train
277.1348193072121,74.21980628188776,34.49414265699388,IDRiD_089_train,IDRiD,train
203.99396481805917,95.20737005739795,42.600191240616525,IDRiD_028_test,IDRiD,train
376.49382413540815,75.02989477040816,29.99326599786223,0f364b7d4384,APTOS,train
254.78923387976306,77.78338249362245,39.55498490509002,IM002208,Messidor,train
395.0749023116563,74.56078603316327,40.26194836147083,IM004251,Messidor,train
599.772320182956,94.5933912627551,50.55628965932883,20060523_49663_0100_PP,Messidor,train
379.8310267687936,83.59456712372449,42.05634546862647,885fa5fc5da8,APTOS,train
528.4072048496276,87.92775430484694,48.42105281769566,07a0be6b347f,APTOS,train
820.8621133707404,89.96707589285714,48.25001396315337,20060412_52425_0200_PP,Messidor,train
302.6741841450079,94.72883450255102,37.06602644647314,IDRiD_002_train,IDRiD,train
152.31869240196383,66.22343351403062,36.34168343015376,20051116_58816_0400_PP,Messidor,train
271.83207333360997,74.3227240114796,39.00676665129642,20051116_54663_0400_PP,Messidor,train
413.07573581069573,77.77160395408163,40.612588513528266,IM004240,Messidor,train
462.20399007634387,86.00320870535714,43.09727935671094,6dc0281f11e3,APTOS,train
433.88464104081623,73.00336814413265,38.30462307881977,20051202_55650_0400_PP,Messidor,train
215.09184318480516,86.40640943877551,36.803033289414444,IDRiD_324_train,IDRiD,train
519.0193368859314,76.35279815051021,42.26297075135991,20060522_45873_0100_PP,Messidor,train
363.99377480450886,80.32842394770408,43.08256538145163,789c60cba801,APTOS,train
205.75098487507643,67.06046715561224,35.08962892378326,IM003827,Messidor,train
577.1022545692573,98.61639030612245,51.429846036220994,20051216_46018_0200_PP,Messidor,train
347.0970774864664,79.8637396364796,46.36005276039105,41ab357d103f,APTOS,train
416.68424735452567,74.72642299107143,43.05394814347878,4e85aa647534,APTOS,train
440.482320165098,89.53140943877551,43.88628474698655,09c8323c612e,APTOS,train
243.69688845614203,73.02136479591837,38.49179400669925,IM004764,Messidor,train
611.3581272933146,105.46117665816327,54.55970242102762,20060411_61548_0200_PP,Messidor,train
364.9134112206761,90.42368861607143,47.34921939254001,4fd5ec0dca09,APTOS,train
241.3706540477519,76.05652104591837,37.938928278280756,IM002584,Messidor,train
488.6229325834288,88.89726163903062,45.132333010105434,20060411_57853_0200_PP,Messidor,train
470.9919037983746,110.30289381377551,40.99908482575326,15cd5f52d300,APTOS,train
505.79766594633764,92.07872289540816,35.5858457869355,0ad7f631dedb,APTOS,train
397.0614861798555,73.46691645408163,37.42239500813391,IM000160,Messidor,train
294.62191902702426,73.36274314413265,38.75328705405895,20051116_43785_0400_PP,Messidor,train
488.18150872798924,86.4808274872449,42.734521743126294,35df2bc6ae95,APTOS,train
383.3284811427423,86.77999441964286,43.685055741672464,1ca35d483772,APTOS,train
377.7556111019187,105.25920758928571,38.74788319856369,1c5ad36fb799,APTOS,train
318.39719061948813,87.19917889030613,45.5132602652929,191cf5668f33,APTOS,train
164.89862815820393,56.11475605867347,31.356231184697922,a1e236fbc863,APTOS,train
289.3863312857492,66.76343271683673,33.17939674242051,a02dfd67a925,APTOS,train
462.43192969516434,83.35600685586735,43.833332546389876,20051130_59775_0400_PP,Messidor,train
367.4857927228649,68.7093431122449,40.573647650764606,5a179c123fd8,APTOS,train
486.42083672511984,94.57152822066327,49.39220776844977,cae33655ca00,APTOS,train
293.8937194503282,90.07940051020408,30.02192932177805,9b95d6203406,APTOS,train
462.4981937543496,86.60038663903062,34.2914157602764,0083ee8054ee,APTOS,train
559.7235483076611,74.92641900510205,42.54531093458906,20051020_55346_0100_PP,Messidor,train
350.66415774151955,88.41364397321429,38.618058841130875,IDRiD_138_train,IDRiD,train
380.03601800576195,77.97462930484694,40.11338380056143,IM001483,Messidor,train
404.09550793833256,85.00235172193878,44.095421131337616,20060411_61702_0200_PP,Messidor,train
657.0379927705497,89.9770208864796,47.05137957949869,401fdfd0db07,APTOS,train
639.5451747154702,103.35052614795919,53.744428428401925,20060407_40740_0200_PP,Messidor,train
448.5338841171773,95.26664142219387,35.246478489950334,1541226c5d72,APTOS,train
441.06968468718117,96.06712372448979,31.087508003125407,8201cab8322d,APTOS,train
363.503434236424,77.31857860331633,32.903004593453545,0243404e8a00,APTOS,train
280.20956543513705,80.61589205994898,29.34929539427028,0024cdab0c1e,APTOS,train
367.6390530106823,82.94929846938776,37.05752749301564,IDRiD_142_train,IDRiD,train
296.8505970701879,93.8360371492347,39.24260827013168,IDRiD_270_train,IDRiD,train
457.1503410891462,117.77483258928571,49.53309544351366,069f43616fab,APTOS,train
337.419753268479,58.98768335459184,31.621971901036463,IM000220,Messidor,train
337.6145180174332,84.36712771045919,43.903562072846256,d911dd40c63b,APTOS,train
625.4372236004774,81.69132653061224,43.91173214224945,20051021_52075_0100_PP,Messidor,train
482.2640830806175,95.32461734693878,37.766434094014706,0efc93ec838b,APTOS,train
455.0995212778952,99.50396603954081,50.40766787032626,20060412_58137_0200_PP,Messidor,train
370.9196247051577,90.1185227997449,43.57430147897243,b460ca9fa26f,APTOS,train
349.37411687772305,89.65122767857143,45.05943329410805,c24bcf7a1bc4,APTOS,train
489.14086718164054,109.64273756377551,45.187703259408266,IDRiD_116_train,IDRiD,train
360.1371569381263,86.65710698341837,43.57154830323533,2a4520f1f9a3,APTOS,train
243.83604943022436,97.32808514030613,37.98455780321137,IDRiD_121_train,IDRiD,train
518.2153193574308,101.64646444515306,44.71236544915918,IDRiD_242_train,IDRiD,train
351.54409460681813,75.3569634885204,37.909514457599904,IM002902,Messidor,train
337.58291322198926,69.26550542091837,35.96130171666728,IM001881,Messidor,train
408.18409419466883,91.50348772321429,51.589781239439624,152db3de8120,APTOS,train
367.9544933911712,78.94152582908163,38.57982827396833,IM002004,Messidor,train
497.86768442270704,87.53830516581633,45.008729838425275,6fe4751a3b42,APTOS,train
854.4580490941654,91.08665497448979,48.29812964960538,20051213_62572_0100_PP,Messidor,train
260.21384635362864,78.65957828443878,39.47332441756973,IM000263,Messidor,train
438.59350739693156,88.09034199617346,44.5471325238557,4d3de40ced3a,APTOS,train
139.19706591979903,90.09404894770408,37.58531302784777,IDRiD_067_train,IDRiD,train
381.07103713677856,110.01482780612245,56.19478919004151,20060407_39687_0200_PP,Messidor,train
399.93939287629735,79.64375398596938,42.85130938314711,20051110_35279_0400_PP,Messidor,train
590.3186565368983,86.46964684311224,46.70815454986125,20051214_41429_0100_PP,Messidor,train
379.99238924998036,61.24424027423469,34.00752087865516,20060523_48406_0100_PP,Messidor,train
713.8551474666157,95.07649075255102,49.37493429271245,20060522_45935_0100_PP,Messidor,train
121.35950850804912,52.25063775510204,20.88503076646591,0fc6829da85b,APTOS,train
574.3698760910065,80.18058434311224,41.311503007240205,fa6f3d8bb1d5,APTOS,train
394.1405018048204,101.07104990433673,42.48695114690283,IDRiD_294_train,IDRiD,train
226.03473629329864,88.45527742346938,43.414520432612164,1f31701dd61b,APTOS,train
364.5863302688408,89.22761878188776,45.31524432353997,cd1c98ec48b1,APTOS,train
364.6665552557135,82.1307597257653,42.158607615274235,20051020_44400_0100_PP,Messidor,train
416.59753168488174,82.38938934948979,42.94533014607551,f3a4751af42e,APTOS,train
381.338517191409,86.30393016581633,43.3673713243835,c5bec7f1e5f3,APTOS,train
193.14333336793203,57.961256377551024,25.92592434496605,052d9a3fe55a,APTOS,train
442.93861663982,91.50470344387755,37.684313440369365,IDRiD_079_test,IDRiD,train
344.98549910080226,91.96821189413265,44.95756713117755,e9678824215d,APTOS,train
438.87251902599724,72.71356823979592,39.55937795041508,IM004528,Messidor,train
309.2745338385922,79.23955676020408,39.99531933306119,20051021_36208_0100_PP,Messidor,train
311.74593855926565,63.57230548469388,33.45124695829503,20051214_42133_0100_PP,Messidor,train
304.70277720280166,98.17829241071429,38.200349228822986,IDRiD_062_test,IDRiD,train
541.1961528439663,84.52122528698979,43.08456941727974,c4aef0d88d1b,APTOS,train
643.272534937225,93.01155931122449,48.80070200249065,20060411_60368_0200_PP,Messidor,train
397.27115245661804,81.70535714285714,41.86654317971425,983c98354e9c,APTOS,train
247.20379083070193,84.72287547831633,46.3801820258201,1633f8291a80,APTOS,train
359.35970691679324,66.82477678571429,34.70049783984127,4c6c5a1bf5ab,APTOS,train
640.68936953491,86.98883928571429,46.75129590168519,20051020_57157_0100_PP,Messidor,train
323.68403218121193,88.63073979591837,44.42676547950075,1a0dbc6c0cda,APTOS,train
441.4413185703511,76.84636080994898,40.96052101277901,20051020_62577_0100_PP,Messidor,train
388.3886175536951,100.74194834183673,44.47498857022126,6194e0fff071,APTOS,train
336.84740137547465,76.43746014030613,39.330531394011665,IM001617,Messidor,train
689.0992447147266,71.5225605867347,43.51602808029155,IM003719,Messidor,train
257.681833960721,102.86310188137755,43.361006334641516,IDRiD_082_train,IDRiD,train
457.384493158937,87.54924665178571,45.13553019084991,4eaf2f81819d,APTOS,train
235.17362295275478,66.47335379464286,34.756133370676466,IM001831,Messidor,train
342.1561872962116,88.43187978316327,42.232332840174756,IDRiD_224_train,IDRiD,train
349.3503391908537,105.3577806122449,53.55761673186912,20060412_61808_0200_PP,Messidor,train
360.34322995198164,81.54992426658163,42.139142953504305,IM000087,Messidor,train
398.67837766824493,66.93939333545919,34.71483131481618,IM002635,Messidor,train
610.5023857726002,95.30500637755102,50.43136946974915,20060407_46422_0200_PP,Messidor,train
513.6422817793452,87.94654815051021,44.91316883072985,77b7b71ebcc3,APTOS,train
528.0072661224676,85.7729193239796,45.68080976509884,20060407_44285_0200_PP,Messidor,train
441.0544194638952,103.6441725127551,53.305095967079225,20060407_41831_0200_PP,Messidor,train
382.6938929416795,105.13273278061224,42.87413400156266,IDRiD_046_test,IDRiD,train
310.67890974304566,104.1240234375,46.19979719872731,IDRiD_253_train,IDRiD,train
472.77042835963266,86.96655771683673,43.99217454813289,2a099b247b10,APTOS,train
558.533863802842,89.36108896683673,45.50748901798817,328d141ed3aa,APTOS,train
361.48833344470256,86.52481265943878,42.48651944918425,545df1bbcd61,APTOS,train
600.3859367954487,83.41968271683673,44.27235503817672,20051020_63711_0100_PP,Messidor,train
353.46011032198226,96.20631377551021,46.570949753739406,73ba798fee25,APTOS,train
443.5773598807199,101.84546396683673,43.67404114083201,IDRiD_313_train,IDRiD,train
414.70160670242717,97.44648836096938,49.38377971888508,20060530_53954_0100_PP,Messidor,train
391.01057054677733,84.47787786989795,42.97152645121633,20051205_57651_0400_PP,Messidor,train
348.17616211876475,89.38161670918367,46.02393878961503,20060523_50489_0100_PP,Messidor,train
293.1036375296806,82.3359375,32.789012924646336,IDRiD_167_train,IDRiD,train
337.0856065853394,73.61208545918367,37.35688668036095,IM002829,Messidor,train
315.1075818587323,74.91284677933673,37.76748350218494,IM002357,Messidor,train
390.68820470693163,76.34588249362245,40.632718607729686,20051214_40719_0100_PP,Messidor,train
244.43284957739576,82.2255859375,45.12745281559588,6cffc6c6851a,APTOS,train
255.15682643038784,65.59978874362245,33.19180677674244,IM002766,Messidor,train
371.0009580335732,70.42199457908163,38.38536178049001,IM004305,Messidor,train
254.38307501821907,85.83589764030613,45.03334196985847,IM004783,Messidor,train
427.39115465188803,73.69208386479592,38.06769768841476,20051020_64518_0100_PP,Messidor,train
502.22719828340723,86.6436543367347,44.77704176226927,20060411_57962_0200_PP,Messidor,train
661.8917695454188,105.4389947385204,33.0511032155696,78d53c82a23e,APTOS,train
659.4293168515575,97.73184390943878,51.2600477332834,20060410_41626_0200_PP,Messidor,train
331.83767401501814,76.28400031887755,39.82529934829269,20051116_54692_0400_PP,Messidor,train
361.7675118261652,109.84056122448979,56.20424877101925,20060412_60895_0200_PP,Messidor,train
388.7790969437929,90.77541055484694,44.522692764800624,7be1b9aa78aa,APTOS,train
352.6150079808201,74.85389429209184,39.47736226344162,IM001293,Messidor,train
273.194286900925,86.8871771364796,42.77777395599605,IDRiD_239_train,IDRiD,train
273.3227801050856,70.98921795280613,37.96134243870643,IM004312,Messidor,train
438.88221656039866,91.49838568239795,48.73056500948843,43f22d1be8dd,APTOS,train
477.78075767526616,103.76496731505102,52.59064758035828,20060411_62390_0200_PP,Messidor,train
617.3213680919534,80.4927056760204,42.67038207122198,IM000733,Messidor,train
396.59384465247376,89.01652184311224,45.94827274234,0125fbd2e791,APTOS,train
442.868664437659,77.67167570153062,33.34929274453428,1a1b4b2450ca,APTOS,train
394.6003526733698,80.36403858418367,34.14862510795738,IDRiD_083_train,IDRiD,train
440.2711230432525,87.97032445790816,44.01837257311912,b9bc81fcb075,APTOS,train
271.1068289425909,70.46761399872449,37.84469802945042,d3e56584a481,APTOS,train
604.3006762608246,104.16583625637755,53.93311961155014,20060407_39567_0200_PP,Messidor,train
231.44687920458762,63.14469068877551,31.502069328895537,IM001644,Messidor,train
341.3338351998415,96.70633370535714,47.74166000330761,870fbe6eaa68,APTOS,train
202.77166130164426,85.48794244260205,37.4128208325839,31cb39681f6a,APTOS,train
355.00863427531954,79.58145328443878,40.578380604766764,70d657f8f503,APTOS,train
269.2065606294002,65.66595583545919,34.551952390824745,20051116_54429_0400_PP,Messidor,train
315.03260730773593,91.00418526785714,43.39118647602654,4e54ccfd49b2,APTOS,train
397.1041229117765,75.62480070153062,40.948608210652154,20051020_62461_0100_PP,Messidor,train
404.6863077708653,90.03001434948979,43.239189713412735,69b3a00927fc,APTOS,train
566.9778420775198,106.7383808992347,55.78748924084037,20051216_44221_0200_PP,Messidor,train
436.8367553827714,91.2945631377551,46.070727854241795,08ee569d4721,APTOS,train
370.1072319933197,85.9272759885204,43.17446503899155,fb1b8771c70a,APTOS,train
291.5877238396355,71.6539381377551,37.50840174318023,IM000450,Messidor,train
377.79928925691775,93.03569435586735,38.09693552192464,IDRiD_065_test,IDRiD,train
381.27245500136405,77.48644770408163,39.28004189579328,IM000013,Messidor,train
280.9097644558851,82.73567044005102,41.18433800618217,143db89c11c8,APTOS,train
449.13619278888314,107.45976163903062,44.11766131239651,8a25a080f28f,APTOS,train
333.50046702912823,68.73160475127551,35.22802127516782,IM000538,Messidor,train
326.5178681611518,103.17793367346938,39.631245637035555,IDRiD_033_test,IDRiD,train
521.091965107757,82.3506855867347,43.08206263658134,20060411_57879_0200_PP,Messidor,train
403.59315207917103,93.978515625,46.902019177202504,174db0854291,APTOS,train
678.7831840145741,99.05961017219387,52.42114627294956,20060411_60426_0200_PP,Messidor,train
308.92499046055593,64.96153539540816,34.1628255275411,ce754234d760,APTOS,train
627.9935178156944,103.07148836096938,53.13571481292811,20060410_40953_0200_PP,Messidor,train
429.7265642905722,94.78423947704081,46.752724485560755,1ca91751be4d,APTOS,train
182.18106443730062,62.119758450255105,34.29864239945191,36e4b704b905,APTOS,train
627.860487879539,84.59207589285714,43.82259115528335,d1afdb8cf70d,APTOS,train
403.8745768684886,87.4212571747449,42.85790896057673,16060f05d047,APTOS,train
123.64111232122049,69.40445631377551,31.970286361745057,IDRiD_025_train,IDRiD,train
424.23129049989893,76.87129304846938,40.625374019693844,IM003695,Messidor,train
491.8504285053728,106.17081871811224,42.61400125934684,IDRiD_403_train,IDRiD,train
475.0854425199922,83.94553172831633,42.615499508442504,IM002215,Messidor,train
476.1710943228401,89.60311702806122,45.37305078012014,e8e44b3160e3,APTOS,train
402.86171957871557,81.32505580357143,49.15031226298104,0cd31078cd08,APTOS,train
445.49319787166456,101.25348772321429,45.13267203847561,3246f07e65b4,APTOS,train
624.4006173234341,70.0424505739796,38.17916171519877,20051130_58874_0400_PP,Messidor,train
400.1478712279714,78.73347815688776,40.892998674942234,20051130_60040_0400_PP,Messidor,train
601.5492229453727,89.68048469387755,49.18037995190817,959bb2d01091,APTOS,train
469.11173410507007,91.8657525510204,46.0449747793515,7e980424868e,APTOS,train
285.7759870201883,78.41477997448979,40.83608416673619,IM004290,Messidor,train
434.4567535651419,81.23604910714286,44.27301945656249,20051020_62337_0100_PP,Messidor,train
395.96727311914043,91.48485331632654,45.83663404155126,e3b47ed5b511,APTOS,train
276.789063616923,67.98509247448979,40.21125824398128,IM003840,Messidor,train
267.13361902606334,68.30347177933673,36.22343217213689,20051021_51748_0100_PP,Messidor,train
202.5600157963738,79.08428332270408,44.68476750731152,0abf0c485f66,APTOS,train
234.92815785207432,74.6461256377551,37.668006042074296,IM000833,Messidor,train
355.13094812470246,94.32585299744898,48.18184182538374,20060407_46050_0200_PP,Messidor,train
686.7590779880838,109.53047273596938,42.22936920048091,0124dffecf29,APTOS,train
529.8749659453665,86.59685905612245,45.72999548377078,20051214_57761_0100_PP,Messidor,train
589.0787180003301,77.73856026785714,41.799842704959,20051130_54498_0400_PP,Messidor,train
541.1260374689639,86.30680006377551,45.69100121983394,ed6bd9293a89,APTOS,train
740.20783235708,113.71817203443878,59.501780876123576,20051216_45781_0200_PP,Messidor,train
674.2572938374111,99.95814732142857,51.699996042821766,20060412_52997_0200_PP,Messidor,train
704.3358049166297,104.67795360331633,53.44615916465693,20051207_62252_0400_PP,Messidor,train
668.2344977312513,92.21265146683673,49.984349234377994,IM000880,Messidor,train
547.3471862462499,74.07011320153062,39.80077272518241,20051020_44982_0100_PP,Messidor,train
202.37194487354444,89.66127232142857,36.874882443272654,IDRiD_007_test,IDRiD,train
618.0026673456372,88.27182318239795,45.791294651804485,82e5bc01f8a4,APTOS,train
366.3395038650017,88.74170918367346,43.39477154227502,IM002726,Messidor,train
893.3638493380215,96.10235969387755,56.358790820833235,683023cda6a5,APTOS,train
303.11242075693303,59.249242665816325,32.51429697160654,20051020_64775_0100_PP,Messidor,train
254.05809913898992,71.07746731505102,37.37692598266092,IM002473,Messidor,train
393.63010793167166,73.0782246492347,39.93174081792473,IM003910,Messidor,train
285.16817087016966,58.26229671556123,32.17748225353606,09f1111a388a,APTOS,train
442.7384609296292,83.81138392857143,43.339049563021895,870f433e8f37,APTOS,train
484.4985824117856,71.32952008928571,38.23790359188895,20051020_54209_0100_PP,Messidor,train
519.8741022635876,83.82276387117346,43.85055836828655,02cd34a85b24,APTOS,train
375.8403916920985,79.47883450255102,41.762297773839016,IM003632,Messidor,train
374.00271615183686,87.39881616709184,43.41630812193848,d39752cb6e57,APTOS,train
356.94070973330764,69.05247528698979,35.7607311924618,IM000761,Messidor,train
384.7326565956583,88.23620854591837,46.080728326762326,c38dec54a9f7,APTOS,train
170.77565580723135,70.78140943877551,30.827497339386973,IDRiD_154_train,IDRiD,train
584.5598510871674,95.30018335459184,49.5298955341574,20060523_48659_0100_PP,Messidor,train
316.2742537304244,77.83139349489795,41.05902122106848,IM000065,Messidor,train
327.2509166712763,84.7485052614796,45.400254879176615,20051117_37130_0400_PP,Messidor,train
266.8974291421333,61.00970583545919,32.89432165809933,91b7a4179ecf,APTOS,train
546.1978605445947,71.11047114158163,40.203397751158384,201f882365d3,APTOS,train
474.9040055535129,90.5337213010204,44.410052568352775,2cacdb0dffae,APTOS,train
430.2099851364396,99.83484135841837,41.64507686226767,IDRiD_369_train,IDRiD,train
483.0806985685895,80.45962213010205,42.08330012348407,70f5caf5f305,APTOS,train
601.5172772322135,86.51807637117346,45.64216714803642,20051020_44762_0100_PP,Messidor,train
239.5175213950815,64.13755580357143,32.125637931732996,IM000132,Messidor,train
222.32415473903032,58.566326530612244,29.2047543233941,72a867980067,APTOS,train
170.38950408234888,65.99035395408163,37.01881904376644,IM002983,Messidor,train
318.377564362713,84.85520966198979,43.01441824019543,4a589edaea60,APTOS,train
509.3346132546949,72.37069515306122,39.72421898066601,20051021_58178_0100_PP,Messidor,train
596.2297414786019,110.12129304846938,27.599345791593393,37c4dfe03aba,APTOS,train
281.29084541697347,89.08278858418367,48.71992999550765,ab3c505b624f,APTOS,train
251.82649017383233,60.86509486607143,34.55945404519628,6e3526053de0,APTOS,train
431.8658719013156,91.85638552295919,46.799654819330826,d0926ed2c8e5,APTOS,train
137.1408514092734,56.59747688137755,26.667881162436235,IDRiD_124_train,IDRiD,train
244.13193136331986,59.59749681122449,31.958428310835966,726dff37edc0,APTOS,train
412.40429720824983,82.07238520408163,44.59301036262418,6294b378d09f,APTOS,train
488.29374741217043,82.20099250637755,43.01623929313637,7fdb177b8f7d,APTOS,train
380.57085562288535,78.22648278061224,32.42416960766327,12a82fc7d73e,APTOS,train
429.51431521590877,89.93333466198979,46.12770865227856,cb68fce07789,APTOS,train
539.8984762503177,88.49625318877551,46.73576926529132,20060412_52685_0200_PP,Messidor,train
354.10564110210566,89.27124521683673,46.06902859902576,IM004461,Messidor,train
414.71725756046624,91.30767697704081,46.508487215005275,a0adbe677508,APTOS,train
462.1163868234833,94.7293925382653,48.47494472920637,20051216_45873_0200_PP,Messidor,train
245.2912917703154,88.4153977997449,33.06736203197084,1ae8c165fd53,APTOS,train
363.3854609131565,94.76271524234694,47.23289116501371,974c7d7b9c64,APTOS,train
206.72739415802295,71.80289381377551,36.57212409851761,IM001116,Messidor,train
729.1967928468164,91.65427694515306,47.98114676077247,20060523_43016_0100_PP,Messidor,train
343.3960848740367,80.59500558035714,41.220324318060975,76e5b50f95a7,APTOS,train
253.60948164589152,83.47560586734694,37.384323643588054,10fca1abf338,APTOS,train
372.2563134002368,85.96811224489795,47.870610649028386,8f06ca4642bd,APTOS,train
323.3275496809744,68.1419602997449,35.47067973735031,IM002821,Messidor,train
889.3958037824045,101.8130181760204,44.620091904578274,IDRiD_263_train,IDRiD,train
214.49993980372759,68.93317522321429,28.161170383868253,0edadb2aa127,APTOS,train
281.7385971878827,73.07368064413265,30.842434271743418,08752092140d,APTOS,train
484.84145923536653,82.34624123086735,43.10276104876147,IM003765,Messidor,train
577.6768061563602,87.94369818239795,45.54267540178133,1ae3c58759fb,APTOS,train
218.22065248533073,64.80141900510205,33.23340323800426,4e8585a96739,APTOS,train
382.37787772595306,80.77804129464286,41.411288691761975,51cd8d2057fa,APTOS,train
461.05674505611097,93.3834303252551,39.255786130683596,IDRiD_035_test,IDRiD,train
355.07693327649935,92.36629065688776,47.038907087376394,20051130_54121_0400_PP,Messidor,train
336.2716925385495,77.41248804209184,43.40707111570012,3ca8be3b40d6,APTOS,train
476.7336932920705,75.31367586096938,41.58907487631536,IM004493,Messidor,train
311.00792783024605,82.99505739795919,39.80969577471394,6d4f6c9a8406,APTOS,train
170.6309385796181,101.21368781887755,41.52301495400659,1b8ad0afe9fb,APTOS,train
333.40317809467564,66.69832190688776,34.30181114492001,b4b04d81acbb,APTOS,train
262.76656062878055,73.76977040816327,36.37179913609261,IM002515,Messidor,train
434.9901334801499,100.4036790497449,41.537257007697576,IDRiD_141_train,IDRiD,train
355.1677942859883,76.70583545918367,39.59360129037638,IM003110,Messidor,train
767.7364602265682,86.26369180484694,46.39347061158967,20051213_61951_0100_PP,Messidor,train
588.2528743207679,81.23696588010205,46.54676971905581,ef476be214d4,APTOS,train
372.32553579607685,94.54659598214286,45.441400722306796,9910c827e2fe,APTOS,train
514.5934256534188,86.9287109375,46.35375969570285,20051213_62046_0100_PP,Messidor,train
361.2282529999345,106.23517219387755,54.06422208979272,20060412_60475_0200_PP,Messidor,train
385.6172547437707,84.41659359056122,43.78224962627778,76516f828d88,APTOS,train
586.8435190173795,70.38887117346938,38.29404496337352,20051021_39914_0100_PP,Messidor,train
243.68659014147747,99.45623405612245,39.16208120507086,IDRiD_373_train,IDRiD,train
492.961250549453,85.69652822066327,48.13388758776444,936299166bea,APTOS,train
459.96468001512216,101.79643654336735,52.6369514010759,20060407_41937_0200_PP,Messidor,train
259.2422866011004,82.72524713010205,34.490735784111074,IDRiD_320_train,IDRiD,train
259.18667183732646,97.54571906887755,43.50508504844995,IDRiD_015_train,IDRiD,train
364.30005527505864,85.50761320153062,43.5385412449199,ce6f33a81ad5,APTOS,train
407.11824408058123,88.14795918367346,44.656730779744265,5728b8aa98ef,APTOS,train
302.84309683835096,98.41621492346938,42.6027231926352,IDRiD_302_train,IDRiD,train
601.8183249867195,86.31981425382654,45.336619842966364,20051020_63829_0100_PP,Messidor,train
1058.307142938489,95.57378029336735,52.11812281531531,20060523_49859_0100_PP,Messidor,train
268.426799352742,63.46322943239796,34.12563195522869,1ec95179cdfe,APTOS,train
615.3540338673527,98.3541334502551,51.67763861018289,20060530_55607_0100_PP,Messidor,train
302.4650357018804,90.66031568877551,44.59655599407867,3325b1fe55d2,APTOS,train
379.8179708982895,73.40186543367346,29.36285123337515,05b1bb2bdb81,APTOS,train
206.2019667107083,73.5225605867347,36.483469898590435,IM002953,Messidor,train
336.9093234782316,89.27632732780613,45.79678741392483,aa8a1e814811,APTOS,train
554.7533523034473,116.1385722257653,57.89588262729573,20051208_39438_0400_PP,Messidor,train
147.77875642367377,50.22227758290816,27.60647289505621,IM003950,Messidor,train
296.3572965154842,67.4593431122449,34.88843000522111,97a235367f9d,APTOS,train
348.70992472210514,74.43562659438776,32.673360262767105,IDRiD_174_train,IDRiD,train
91.31503544028527,62.29926658163265,24.63774379734947,1438288bb2e1,APTOS,train
367.6376816993055,107.30562420280613,46.48864679883918,IDRiD_213_train,IDRiD,train
363.39704235351763,89.66464046556122,45.81763305482608,IM001026,Messidor,train
386.968319464703,107.47329400510205,42.17110797707746,IDRiD_045_train,IDRiD,train
481.0443248883827,113.2528300382653,57.25030610041878,20060412_52351_0200_PP,Messidor,train
271.93556572287747,72.74800701530613,37.69156369833256,IM001416,Messidor,train
370.1572678393991,93.06248007015306,45.30583983534559,18b7e34eab8f,APTOS,train
431.2856351696714,80.03728874362245,37.19949408724254,IDRiD_358_train,IDRiD,train
483.79865591866627,75.84966916454081,39.86295806874692,IM001294,Messidor,train
626.9277679287658,100.0004583864796,51.69682237341087,20060523_48572_0100_PP,Messidor,train
171.86252436345939,81.50139508928571,32.026566015896286,07a0e34c8d20,APTOS,train
412.97222842201006,85.50330835459184,44.00885281952955,4beeca5cc859,APTOS,train
381.24156993808765,73.7701490752551,39.035245116610625,20051020_62878_0100_PP,Messidor,train
581.1583754103763,89.92797353316327,47.379051779448986,20060412_63032_0200_PP,Messidor,train
386.25647083832195,86.86252391581633,43.26089568954845,6d6fcf49e515,APTOS,train
271.84740316128045,85.97407126913265,44.98611323489509,20051110_38472_0400_PP,Messidor,train
300.9573345760264,71.8331074617347,36.17434719917256,20051205_57799_0400_PP,Messidor,train
454.82720694170547,87.6698222257653,45.51150681495009,6110ecb3bb1c,APTOS,train
282.2512425677273,77.05359135841837,39.91585909154465,IM002275,Messidor,train
403.83421417833716,79.11264349489795,40.172075699855164,bacfa2b8e706,APTOS,train
590.352398971675,88.41378348214286,46.17168049558115,6a2642131e4a,APTOS,train
491.53710513887484,94.94937818877551,43.99093946161404,IDRiD_315_train,IDRiD,train
598.8139307529716,109.01889349489795,56.723503112418264,20060412_61525_0200_PP,Messidor,train
327.7828475399247,81.02327806122449,44.251117140795394,65cf00be6fb4,APTOS,train
330.63102861981946,87.35797991071429,42.8288034010545,0a902c80d5da,APTOS,train
403.76036356966085,82.59038185586735,43.145776134077906,20051205_59923_0400_PP,Messidor,train
364.52855794820033,104.88358976403062,43.831143557564744,IDRiD_054_test,IDRiD,train
351.4631618116856,97.61933992346938,36.74991794656969,17eb5d4ad740,APTOS,train
462.4494639547206,97.70101243622449,48.984434063729374,d332d7b8a26e,APTOS,train
676.9868174195042,71.52840003188776,39.49069381712072,20051021_39845_0100_PP,Messidor,train
701.3526787267333,96.29870854591837,50.43283653733988,20060523_48787_0100_PP,Messidor,train
651.5393245237066,72.90365911989795,40.224570961786796,20051130_60490_0400_PP,Messidor,train
403.7579847253992,88.11108896683673,46.3158420238605,f531232ecb55,APTOS,train
314.18817639102645,72.51947146045919,38.12354436843086,20051130_60601_0400_PP,Messidor,train
64.726431729445,64.04412468112245,29.828195843835914,00b74780d31d,APTOS,train
415.1413394097039,73.82150829081633,39.26807066979635,20051130_55048_0400_PP,Messidor,train
377.5239837146808,77.62806919642857,42.04957732097628,20051130_59374_0400_PP,Messidor,train
385.51434254954125,88.19096779336735,42.82512525805643,a06a63d866b2,APTOS,train
349.53252584345387,69.32906170280613,35.32839285393435,IM000537,Messidor,train
383.28518601607794,94.53033322704081,47.4049582514462,f58f0b2fd718,APTOS,train
318.6464528771353,80.14959343112245,39.95745683621669,IM001984,Messidor,train
476.262315822015,85.18608498086735,43.08144972812648,8f9819752ca0,APTOS,train
298.4642656255593,88.4609375,46.61528250571834,IM000653,Messidor,train
359.55527210632795,85.33777104591837,44.98796462857672,20051110_34013_0400_PP,Messidor,train
463.18061657023406,104.96827168367346,53.50848897352418,20060412_62960_0200_PP,Messidor,train
317.59203906935085,108.36144770408163,42.882241716873395,IDRiD_048_test,IDRiD,train
458.9243225310555,100.25960618622449,41.59037789966878,IDRiD_066_train,IDRiD,train
516.0093780634354,95.72993064413265,50.088642186580756,20060407_45611_0200_PP,Messidor,train
348.63854933400694,82.94286112882654,35.66041729402995,fe2df69676cf,APTOS,train
453.8230070712317,90.92793367346938,46.55030174421799,e6a5e4718873,APTOS,train
462.3084592040704,94.24766820790816,46.582033728619564,9d1feed37610,APTOS,train
433.9440346506922,87.42139668367346,48.42006351494824,3d2ecffe0386,APTOS,train
498.13127351949134,94.06574856505102,48.15024849857379,20060411_61419_0200_PP,Messidor,train
259.55630942753385,79.61288265306122,43.813868885063734,67ed8cc78b97,APTOS,train
340.8951232950671,90.83711336096938,46.121966183786945,ef99c499d665,APTOS,train
318.7497297014509,88.78617267219387,43.06871855336818,4409965eb2a4,APTOS,train
531.7873911188325,78.76606345663265,41.552409310225244,IM004191,Messidor,train
246.44711644308907,103.50332828443878,37.63033775981051,0318598cfd16,APTOS,train
498.3392565785622,106.29958545918367,53.92437872319669,20060412_60825_0200_PP,Messidor,train
356.5839251888042,70.24200813137755,39.267025865193375,IM003474,Messidor,train
480.1083857128392,84.80630181760205,44.11603041950392,3908b3cfd620,APTOS,train
207.1106630549337,86.82479671556122,38.26693031527713,IDRiD_017_train,IDRiD,train
374.64431044520165,73.61886160714286,45.9143794875807,IM002442,Messidor,train
318.8609088975556,76.0073541135204,42.66908056416553,e2265c383348,APTOS,train
244.98440839647506,88.16045519770408,46.25949708907758,20060530_54223_0100_PP,Messidor,train
214.48581119419782,70.55678013392857,41.1192530744613,5a27b9b2a9c1,APTOS,train
278.4808791099812,110.52495216836735,56.18983083657456,20060407_41809_0200_PP,Messidor,train
357.4382471404737,81.33814971301021,33.077052326069506,02358b47ea89,APTOS,train
166.60506619338642,58.85000797193877,31.01405672858627,ab7991df166b,APTOS,train
296.65020781147234,97.43744021045919,39.40542324243694,IDRiD_062_train,IDRiD,train
409.69105808102364,89.39479033801021,44.17998399833165,565f3404f9b2,APTOS,train
440.51126236818277,65.99467873086735,35.862904385143175,20060530_53132_0100_PP,Messidor,train
170.0434540808573,65.31636639030613,31.88588249601117,daad7b617f21,APTOS,train
197.88775900253304,70.0278619260204,31.48170511386484,0a9ec1e99ce4,APTOS,train
372.6979553845464,77.07282366071429,39.48771774823711,IM001200,Messidor,train
196.05128189803457,59.98985570790816,32.2480952796602,17d997fe1090,APTOS,train
375.802431887063,82.73066804846938,40.90667953189791,7a46cfa69bae,APTOS,train
351.59113847191554,89.95663265306122,49.333636290627034,d29b37d110f3,APTOS,train
467.99260798378424,70.84751674107143,39.54759920210567,IM004812,Messidor,train
712.2124126582085,104.1812818877551,56.348375402260814,20060407_39435_0200_PP,Messidor,train
458.7608931595859,95.60929528061224,48.92193944248935,20060411_62250_0200_PP,Messidor,train
269.4031617185663,78.64014668367346,35.40926513285601,08c60c647673,APTOS,train
128.7801029152892,62.737025669642854,29.44955498031444,IDRiD_149_train,IDRiD,train
540.5695240377436,95.8236009247449,49.14742578540417,20051214_51840_0100_PP,Messidor,train
380.0231315230688,69.42984693877551,35.732412548629426,IM001358,Messidor,train
388.59727380634195,89.2435227997449,44.279956106720526,a2b995b81692,APTOS,train
103.21628691900872,60.600944674744895,23.50615909098945,032d7b0b4bf6,APTOS,train
322.8565217891568,86.65292171556122,47.328031175093734,6e861bc3bd7b,APTOS,train
301.3844954535545,86.44254225127551,41.75578339598868,03b373718013,APTOS,train
405.90451512302974,78.9634088010204,41.52962410501141,20051110_35239_0400_PP,Messidor,train
265.0081817356063,83.65720663265306,45.262224033596794,20051130_54301_0400_PP,Messidor,train
531.4309947189813,76.8091119260204,40.85086292984654,20051214_57125_0100_PP,Messidor,train
249.90353179663134,71.56136399872449,35.94391331978577,IM002053,Messidor,train
281.72723655430593,78.74968112244898,35.236645885035635,IDRiD_009_test,IDRiD,train
369.8945016205584,61.705496651785715,31.56714362815221,20051130_58888_0400_PP,Messidor,train
481.9798568378434,95.62876674107143,49.00035548984819,20060530_53928_0100_PP,Messidor,train
298.4331238316477,66.5755540497449,34.06235945211754,29192375ab1b,APTOS,train
252.3350136966221,96.32029257015306,40.87121999946613,IDRiD_227_train,IDRiD,train
251.3217471498889,70.68201929209184,32.5379578726635,0551676cc2aa,APTOS,train
267.01560649331634,70.45346380739795,31.862199603793233,IDRiD_366_train,IDRiD,train
447.2886519918636,87.11736686862245,45.86750920379525,IM000291,Messidor,train
482.0513405436429,69.32212611607143,36.79249527793439,IM000516,Messidor,train
350.79860278935496,91.05223612882654,45.67352005106414,799214e8b07c,APTOS,train
449.53890429254074,62.17685746173469,36.70420672881093,IM003215,Messidor,train
392.76874088118933,82.25065768494898,43.777450953882855,20051110_38239_0400_PP,Messidor,train
266.51443054337443,68.7286152742347,34.406933090388755,IDRiD_071_test,IDRiD,train
408.2448580994898,85.85526945153062,45.800013560726455,454a944eb557,APTOS,train
347.0940952896824,78.4139628507653,40.26029302610361,20051130_59284_0400_PP,Messidor,train
175.66891510632573,51.24667171556123,28.49845240333052,033f2b43de6d,APTOS,train
421.3542933017202,88.71657764668367,45.12573015538508,784d6d302f98,APTOS,train
346.722756407252,90.49200813137755,44.78736005927359,369229040a34,APTOS,train
439.97987156001693,88.67512356505102,45.208836645268775,445a8a6da55c,APTOS,train
626.0591639304648,100.80400988520408,52.70934796964488,20060412_58889_0200_PP,Messidor,train
365.42531901188363,81.75562021683673,40.878315756903085,c096131ad065,APTOS,train
584.7397478223592,80.14714205994898,42.44039390299635,20051020_44923_0100_PP,Messidor,train
445.7735013314358,87.87087452168367,42.83074344934196,b7983cb3f270,APTOS,train
443.8333131265064,90.1978834502551,44.879077320493565,dce73d90c00c,APTOS,train
304.3090407225749,77.20384247448979,39.79420691809917,20051116_44750_0400_PP,Messidor,train
391.0909431386817,73.22781808035714,38.38711460674924,20051021_51994_0100_PP,Messidor,train
619.3427376447247,91.77961575255102,47.53272716859928,8a81f62320d6,APTOS,train
479.47214692039125,87.69268176020408,45.4514103080904,20051020_57761_0100_PP,Messidor,train
386.34442120718495,88.89624521683673,44.775766406242546,b5204c0decc7,APTOS,train
380.6805793034539,95.49786750637755,49.72512168550918,IM001371,Messidor,train
570.4188037556145,99.32399952168367,51.398822958412225,20060410_39476_0200_PP,Messidor,train
565.7458987408804,92.56806042729592,47.16886195424741,a86128b601a7,APTOS,train
366.07768748234525,66.7772441007653,35.3203365360137,IM000586,Messidor,train
158.26219676723585,73.39209980867346,30.9467093037755,0a09aa7356c0,APTOS,train
407.0905850147118,101.39670360331633,51.75482233897751,20051214_52707_0100_PP,Messidor,train
408.2550480837426,87.8438496492347,44.22137904178811,c70d09370109,APTOS,train
378.8658432966469,75.1629862882653,39.878273383145086,IM001912,Messidor,train
332.20288012495445,75.7465521364796,38.24805643975909,20051202_39630_0400_PP,Messidor,train
641.482868947669,98.50591916454081,51.453836536880324,20051216_46827_0200_PP,Messidor,train
341.67945595176855,82.3364556760204,43.85199389273981,20051207_54614_0400_PP,Messidor,train
210.5530083114929,67.46344866071429,36.157376655063445,IM004313,Messidor,train
424.9591737021908,103.46402662627551,53.531754480907296,20051214_52695_0100_PP,Messidor,train
506.33235349420795,88.54922672193878,44.79512389980895,a61723fc38c2,APTOS,train
411.8831562835046,83.98963647959184,44.676673043293434,50f5201fd18a,APTOS,train
558.2306509875895,83.06072624362245,43.482065389143294,20051020_64945_0100_PP,Messidor,train
319.0817070336999,59.45848612882653,33.00297108230128,IM004607,Messidor,train
311.1670736466185,84.81546954719387,44.884444184261646,3cdef7c591cc,APTOS,train
414.13823641126027,111.65581154336735,43.42969433825172,IDRiD_029_test,IDRiD,train
825.4949311900268,98.82730787627551,52.38386287074256,20060522_45583_0100_PP,Messidor,train
310.0049848318199,75.30703922193878,41.99009269009565,1b3647865779,APTOS,train
358.30413235549577,76.82730787627551,37.79126011624945,IM002003,Messidor,train
197.6057926036576,60.04320790816327,32.13882425259871,0da321efbce6,APTOS,train
215.13840214484236,67.68180006377551,37.0639786427631,7179f85bfd6f,APTOS,train
345.52392964519987,81.75753348214286,36.49773506706934,IDRiD_343_train,IDRiD,train
142.6378593714919,83.00948660714286,36.20069699959983,2131aa3a1e6f,APTOS,train
384.42417810321695,85.46251195790816,42.55202713915992,63b71347e95d,APTOS,train
296.4041974227759,64.16721141581633,34.772982294830626,IM004654,Messidor,train
317.909239139819,82.4427415497449,44.481492631342995,d2afca74cbc3,APTOS,train
390.139415467694,95.76247608418367,38.62157970364795,IDRiD_001_train,IDRiD,train
370.03597286173516,70.84464684311224,37.331379510652006,20051020_56592_0100_PP,Messidor,train
470.77900880696825,91.22331393494898,45.275977709075846,a443c4fd489c,APTOS,train
338.0072162934811,101.60692362882654,31.08386782595229,3a61e690f4bb,APTOS,train
349.93335387370126,71.310546875,37.99548904634037,IM002522,Messidor,train
283.0665481723085,92.30490672831633,38.944509616123604,IDRiD_120_train,IDRiD,train
378.953912708373,67.46717554209184,36.860910470381405,IM004177,Messidor,train
457.6151251103768,97.94585060586735,52.0961408335589,20060411_60446_0200_PP,Messidor,train
442.0210846782177,99.23734454719387,51.55563816118949,20051216_44092_0200_PP,Messidor,train
227.83108228805017,92.15619021045919,44.14605510832293,a0a0cd8af5a6,APTOS,train
254.41284044957663,87.27204241071429,25.30094951771971,f18abfa690ab,APTOS,train
465.8131256405386,100.0317083864796,50.87015756142692,20060412_51746_0200_PP,Messidor,train
945.8045052445367,96.96763392857143,52.05532905585595,20060407_44422_0200_PP,Messidor,train
309.12920732668965,84.45099250637755,43.500428716515785,20051205_35276_0400_PP,Messidor,train
416.0827324536382,65.84982860331633,37.04441729073406,20051130_58824_0400_PP,Messidor,train
545.5716047481615,81.86367984693878,38.69319702347562,0c43c79e8cfb,APTOS,train
526.9426258850574,106.21743463010205,46.14412907275597,IDRiD_265_train,IDRiD,train
222.42056833511091,86.38091916454081,36.82656162585909,IDRiD_087_test,IDRiD,train
415.6735898549732,77.50591916454081,39.83170217060625,20051214_51469_0100_PP,Messidor,train
386.968319464703,107.47329400510205,42.17110797707746,IDRiD_333_train,IDRiD,train
445.2475594513022,87.0498046875,44.638416863574086,20060529_56039_0100_PP,Messidor,train
485.08810033603595,89.7484056122449,46.77359692464491,abbb8791785e,APTOS,train
279.9515676021774,93.4428411989796,47.239525666198055,20051205_35305_0400_PP,Messidor,train
362.1571728354044,80.5004583864796,41.13896426950286,20051205_57809_0400_PP,Messidor,train
316.68312926254686,65.16906489158163,33.103865761910455,IM000372,Messidor,train
309.86247640726515,69.71025988520408,29.14466788452995,196e6a186452,APTOS,train
602.0823667650171,91.78322305484694,47.76555967379848,20060523_43354_0100_PP,Messidor,train
804.8226982857078,86.90108816964286,46.626240464316815,20051213_61892_0100_PP,Messidor,train
602.0720329963877,97.9979472257653,50.17306122607077,20060412_60545_0200_PP,Messidor,train
385.624025617327,97.42645886479592,49.71332249867278,20060410_44124_0200_PP,Messidor,train
317.92160094514185,79.42659837372449,39.19341370549439,2974c6ad1d58,APTOS,train
398.67361366902725,91.73780293367346,45.88683355223981,f633c474e8b8,APTOS,train
223.38524999423902,79.01401068239795,35.356277933620234,IDRiD_176_train,IDRiD,train
269.3050098025963,64.03667091836735,35.47888226375054,IM002544,Messidor,train
394.58226388735056,78.8999322385204,31.95822797738623,093a42649c29,APTOS,train
319.4150804204277,67.36776546556122,37.06256362055101,IM004252,Messidor,train
196.10965655834067,64.39801897321429,34.67629328158184,IM002494,Messidor,train
620.0439278290005,77.67823262117346,41.79378310032284,20051020_58065_0100_PP,Messidor,train
818.9406135234175,92.79322783801021,49.432329909993356,20060529_56700_0100_PP,Messidor,train
593.9870729966742,83.87615593112245,45.20647219378912,20060523_50790_0100_PP,Messidor,train
336.6011809154829,75.48728475765306,39.15885104021119,20051205_59510_0400_PP,Messidor,train
282.94411588579055,71.42956792091837,34.49431493067404,20051116_55649_0400_PP,Messidor,train
617.8896783259153,80.57108976403062,40.052873920849045,IDRiD_145_train,IDRiD,train
763.8918351900671,122.79177295918367,62.975163534329106,20060410_40846_0200_PP,Messidor,train
478.5350235776571,77.82005341198979,40.559490023816196,IM004226,Messidor,train
478.7135583825133,79.70115194515306,42.67158905389811,20051130_60630_0400_PP,Messidor,train
322.26928354054377,78.84761639030613,40.670789264391686,IM003725,Messidor,train
498.4458981136241,85.03276466836735,44.19131241466572,20051020_44782_0100_PP,Messidor,train
445.39724022842654,83.3305365114796,42.77732919917189,20060530_54107_0100_PP,Messidor,train
280.70456988848235,76.55785634566327,39.979213259963146,IM004462,Messidor,train
404.5532605803942,67.80510602678571,35.305953974899545,IM000219,Messidor,train
454.47816150797144,82.3159478635204,43.47650948917217,20051214_56688_0100_PP,Messidor,train
476.6153824237028,86.21392697704081,42.82849156401617,d18f6431ebce,APTOS,train
356.63856289596265,85.54322783801021,47.257417589155864,0cae727cf119,APTOS,train
395.6233302330484,69.42269212372449,37.31545153639059,20051130_55381_0400_PP,Messidor,train
416.32957756395194,91.56935586734694,46.96461091039928,IM001596,Messidor,train
372.77706955572506,96.4282525510204,47.85704784713377,ab653b8554c0,APTOS,train
396.77774944210086,81.14720184948979,35.85024644189477,IDRiD_143_train,IDRiD,train
392.5008673789053,62.79135443239796,34.64157671187208,b7aca95b97b9,APTOS,train
511.7783690122504,94.76492745535714,49.38015269535279,20060412_61450_0200_PP,Messidor,train
274.73470227552525,85.89385363520408,44.28585529401809,a0cd7bffdaa0,APTOS,train
275.42657912983987,66.44110730229592,28.63210074935256,IDRiD_170_train,IDRiD,train
326.51395089126834,85.82503587372449,48.50199520167224,0cb6b898389f,APTOS,train
314.56065109360964,71.28113042091837,36.39188683075186,IM001867,Messidor,train
328.83077486730133,76.0540696747449,37.77621337949288,IM002223,Messidor,train
152.71702439643008,53.63358976403061,31.74091211652923,0d8f60ed9280,APTOS,train
519.3345042732744,95.65706712372449,49.066406836601246,20060407_40624_0200_PP,Messidor,train
253.88187979102779,51.0910794005102,29.336262644479167,IDRiD_274_train,IDRiD,train
294.7344799871894,67.26112085459184,35.76493250230168,IM004013,Messidor,train
286.69124299652725,73.9403300382653,38.24647794683196,IM002251,Messidor,train
509.2366256169704,86.57870296556122,46.28375491927373,87295c5fa1cc,APTOS,train
255.65177061080138,63.93672273596939,33.53632285845727,9f8112c710be,APTOS,train
386.4999890420795,91.94465481505102,44.631288971370324,d6f6bdfd8011,APTOS,train
448.2266411374182,88.04464285714286,33.691151807860564,0dc8d25b3f69,APTOS,train
424.3235056208651,83.99009486607143,43.43211225881199,IM001804,Messidor,train
356.48750900298745,95.52321827168367,45.48891830184087,5f51192841f7,APTOS,train
362.51542599029415,89.92085857780613,44.603475203033106,79cbae28d8b2,APTOS,train
245.79226967852497,86.27234135841837,36.99860581504658,IDRiD_039_test,IDRiD,train
458.55468903755656,88.99828603316327,46.28729963385151,20060410_39047_0200_PP,Messidor,train
419.7316694243756,93.29948580994898,45.373862529914376,c2f3281cf528,APTOS,train
813.8661622298057,96.37256855867346,43.22679156121515,IDRiD_088_test,IDRiD,train
617.4764042671201,117.16087372448979,51.766514187620515,IDRiD_259_train,IDRiD,train
208.89965406232753,89.84875239158163,36.490009460886554,IDRiD_164_train,IDRiD,train
479.08953121134465,91.7450175382653,47.79585080820219,20060407_45494_0200_PP,Messidor,train
435.2420987018392,98.06770169005102,42.828533749361476,IDRiD_232_train,IDRiD,train
331.79498997711727,79.42661830357143,40.554564088141554,20051130_60760_0400_PP,Messidor,train
608.4664779402523,83.14192044005102,43.61647087854134,c25e02b39c01,APTOS,train
420.91896728514035,90.09861288265306,45.293563087176395,7d0a871c45db,APTOS,train
235.42441098246164,63.83360570790816,32.85553779017552,ac0a48ccbf70,APTOS,train
323.68281418499674,80.79239078443878,28.918503103092373,0babc12807b2,APTOS,train
392.8585610729315,101.48670679209184,40.16124009469435,IDRiD_099_test,IDRiD,train
425.4648251988301,76.13922991071429,40.06758115816509,20060529_56948_0100_PP,Messidor,train
323.7930883290816,90.29318797831633,44.507169221132266,a08a0133754a,APTOS,train
397.0976910601055,88.1025390625,44.985120891831016,5814cbd2e9bf,APTOS,train
457.837113232277,101.23258131377551,51.242356435995454,20060410_41330_0200_PP,Messidor,train
406.60098299926545,82.43933354591837,41.419745666299555,f4ea2a2cfbb9,APTOS,train
427.0415150913682,85.01831552933673,42.85342249663746,c9e697117f3f,APTOS,train
549.4054980609676,93.74003507653062,40.850053387936214,0f96c358a250,APTOS,train
351.0317058694308,93.66418207908163,47.86988258854232,501c319f7a9f,APTOS,train
531.571870428083,77.78832509566327,41.606449929287315,20060530_54529_0100_PP,Messidor,train
390.0368386697194,91.24740911989795,46.64729999435236,3254e48c8aa0,APTOS,train
378.8702989965119,73.37814891581633,38.9283054654023,20051205_58080_0400_PP,Messidor,train
318.92499199652366,68.91374362244898,35.43260646147357,IM002020,Messidor,train
725.5032798817931,95.11501514668367,51.09083306431874,20060407_39184_0200_PP,Messidor,train
202.56926065243965,75.78778698979592,42.67801534022695,8a87dd2a784e,APTOS,train
263.88716490235936,72.41284677933673,36.32912526847792,c7d0deb71576,APTOS,train
714.5390160114553,85.91790896045919,46.68897502378571,20060523_48931_0100_PP,Messidor,train
403.58013889284143,77.4678730867347,40.05100289202959,IM001161,Messidor,train
607.7282115387351,94.07264429209184,49.24512923062295,20060410_44934_0200_PP,Messidor,train
275.26464731263303,76.05215640943878,37.392264593422475,IM000100,Messidor,train
392.3429076521658,65.62872688137755,35.641155751186254,20051214_56971_0100_PP,Messidor,train
891.4478334461038,90.72592474489795,48.601856384083014,20060412_52446_0200_PP,Messidor,train
347.2681203359169,84.08169244260205,42.94959664553865,20051130_59964_0400_PP,Messidor,train
550.3614356034203,77.30014349489795,40.913812433101874,IM004638,Messidor,train
270.5242096528765,73.43231823979592,39.49980477600619,IM004797,Messidor,train
549.0522473612115,108.3594746492347,55.44141216160291,20060411_60263_0200_PP,Messidor,train
459.5880345567372,89.90756536989795,44.2592562291958,a76132e79688,APTOS,train
308.5374559353213,92.4883808992347,46.75670473526314,20060412_52758_0200_PP,Messidor,train
406.67282690280973,78.9110331632653,40.730665381751706,20051021_57798_0100_PP,Messidor,train
393.93230811877334,89.39275749362245,44.85580349102486,1e8c31e29dd3,APTOS,train
468.24651024908576,71.51452885841837,37.79520534675119,20051202_54208_0400_PP,Messidor,train
487.83697062321176,86.37129304846938,42.94801628954302,d69698f838db,APTOS,train
379.46179763836847,79.50406568877551,41.0978421399404,9be71d6d7e59,APTOS,train
331.0689831355968,95.20792809311224,28.69131505237918,2241b7e90782,APTOS,train
652.2059051564513,99.21843112244898,52.00096083872748,20051216_45499_0200_PP,Messidor,train
645.9424019733701,103.74910315688776,54.01467457781571,20060410_43959_0200_PP,Messidor,train
421.0761934810258,89.90216438137755,45.52626318344288,1782142e17d9,APTOS,train
157.1863244440793,50.83741230867347,26.07484062555784,387138ddf43d,APTOS,train
548.339145669933,83.18636399872449,47.02786390919499,01d9477b1171,APTOS,train
629.6395461377577,105.3582987882653,55.18252566600081,20060410_43698_0200_PP,Messidor,train
709.4790835684412,81.6490553252551,45.96573632739616,IM001145,Messidor,train
345.1627784162598,95.38354990433673,46.402070386165626,535682537302,APTOS,train
409.04419667856837,71.91509885204081,37.62586930766278,20051130_60562_0400_PP,Messidor,train
764.534477058722,97.68263711734694,44.840245835111844,IDRiD_219_train,IDRiD,train
329.1208179315792,74.33123405612245,39.17799886295466,IM001109,Messidor,train
639.3705985273037,101.23648756377551,52.812736202558725,20060410_45188_0200_PP,Messidor,train
388.1138124906833,82.21888950892857,42.631266029548264,a384e688e228,APTOS,train
553.3134470728723,94.6395487882653,49.05648135110701,20060411_58913_0200_PP,Messidor,train
352.4398387065286,65.71157525510205,35.604248430764436,IM000595,Messidor,train
589.35922013338,92.88980787627551,48.02241952650124,20060410_47166_0200_PP,Messidor,train
705.8302662129305,85.3394850127551,46.28768743647636,20051020_45137_0100_PP,Messidor,train
419.2574322564261,94.94854113520408,47.353738787056564,62b826899151,APTOS,train
878.0769580299286,101.71087771045919,46.15619164406416,IDRiD_292_train,IDRiD,train
360.5257679686254,63.60216039540816,35.73156510725236,IM004270,Messidor,train
340.404471117772,84.27006935586735,42.67954302777389,db690e2d02f8,APTOS,train
200.5423871349762,84.77718431122449,43.06087941449231,20051202_55816_0400_PP,Messidor,train
512.5127586827881,87.4019850127551,43.619819979446454,155e2df6bfcf,APTOS,train
224.98937761361572,70.75474330357143,33.16437538421002,191348830ddf,APTOS,train
727.4364940221484,108.70756935586735,57.484620101843944,20060530_54030_0100_PP,Messidor,train
324.11633130462405,92.18064413265306,37.441539955689066,IDRiD_118_train,IDRiD,train
334.04387102321704,87.07756696428571,43.97841432935849,20051020_57844_0100_PP,Messidor,train
587.919011793649,97.95232780612245,51.23068287333337,20060407_44743_0200_PP,Messidor,train
505.9732074332406,86.99832589285714,44.93663513264321,f90f8931a9bc,APTOS,train
532.8142432066263,110.13323102678571,56.62513979042871,20060407_43746_0200_PP,Messidor,train
304.22668479234665,82.6810227997449,41.484658810837345,496155f71d0a,APTOS,train
567.5806491697693,79.6694634885204,44.4798961078352,IM004747,Messidor,train
255.98355073305234,96.41187021683673,38.6241151537045,IDRiD_123_train,IDRiD,train
769.6078343194804,92.71667729591837,49.22729300745969,20060523_45548_0100_PP,Messidor,train
288.18755393602214,73.03583386479592,38.24541705141525,IM002157,Messidor,train
331.2438998843967,77.75003985969387,39.58804150412521,20051202_51616_0400_PP,Messidor,train
105.93163564253825,56.75179368622449,21.67443625548653,026dcd9af143,APTOS,train
703.6877017388587,92.56032764668367,48.532300947473814,20051216_44811_0200_PP,Messidor,train
424.78420547523484,89.53425940688776,44.60133361483277,6e44f6d04fc9,APTOS,train
282.73990794590543,89.4292291135204,42.20087814445037,393fa5a023a5,APTOS,train
510.2570132581655,77.39768016581633,43.366125816619345,IM003577,Messidor,train
510.46975578640155,107.27485251913265,46.35480844402517,IDRiD_382_train,IDRiD,train
616.0546859858781,94.79779177295919,48.85192290380435,902dc5a91a3f,APTOS,train
545.8547001147161,98.55363121811224,51.54829304866174,20051216_46156_0200_PP,Messidor,train
405.7625544654087,100.22504783163265,40.56895239902172,IDRiD_030_test,IDRiD,train
368.4391184512499,73.79376594387755,38.841644501953525,IM000073,Messidor,train
221.779168499951,65.49585459183673,28.392691183868603,07419eddd6be,APTOS,train
363.9006706783544,90.5101243622449,35.05387300444966,1968183f0e61,APTOS,train
223.67490924134546,84.1664740114796,33.96565009962995,IDRiD_041_train,IDRiD,train
130.75152394335652,58.33256935586735,31.844218272514844,e251bdf05b85,APTOS,train
281.0270901894083,60.78848453443877,32.81568078192257,20051020_64836_0100_PP,Messidor,train
311.5523544587179,82.39315609056122,41.72766620348819,IM000056,Messidor,train
273.80840805002873,52.606026785714285,29.53431947979311,IM003787,Messidor,train
323.5143319618101,115.15070950255102,46.933071243145896,IDRiD_046_train,IDRiD,train
424.41098541679213,120.68809789540816,63.416722861103025,20060410_44802_0200_PP,Messidor,train
274.70331317531424,81.55961017219387,33.99046390327019,1efa5d443707,APTOS,train
671.548463081827,110.56413424744898,57.806879486852495,20051216_45226_0200_PP,Messidor,train
475.59619442972735,81.02732382015306,40.42310101173617,IDRiD_384_train,IDRiD,train
556.396947565599,103.60395408163265,52.8041367788512,20060411_60511_0200_PP,Messidor,train
567.9147307329603,72.34026227678571,44.02467658122796,IM003229,Messidor,train
150.79016138701974,57.09652024872449,26.548040614475894,13063d1bc4ea,APTOS,train
128.74480700979424,69.72265625,30.591557673911847,IDRiD_026_train,IDRiD,train
273.3454711291255,76.48756377551021,38.6829417503073,IM003640,Messidor,train
314.46256553843733,71.64919483418367,35.259085461915156,IM000313,Messidor,train
381.094168245569,89.17127710459184,43.25551365993791,880edb2cdb69,APTOS,train
276.4976019197978,102.80313297193878,52.26674017248891,20060407_44889_0200_PP,Messidor,train
270.37951756754995,75.42462531887755,36.97833339570312,IM001272,Messidor,train
355.20669139677767,87.4266581632653,43.29681006263608,15cc2aef772a,APTOS,train
198.49118938350716,80.64524872448979,45.86979718455175,188219f2d9c6,APTOS,train
741.1278147206908,105.24960140306122,55.17034114099785,20060407_40761_0200_PP,Messidor,train
448.29147352491105,91.68823740433673,46.60824568039542,19545647508e,APTOS,train
499.7738503436653,99.9546197385204,52.24148910373824,20051208_41318_0400_PP,Messidor,train
238.56633598076607,89.5464166135204,36.131068065504394,IDRiD_165_train,IDRiD,train
509.7992389234886,90.97181919642857,46.849509257883966,c58e5c0c5b33,APTOS,train
523.5289947989581,72.11860251913265,42.62985984615015,96793edb1003,APTOS,train
505.58638130729764,87.60060586734694,45.57756789370033,20060411_57986_0200_PP,Messidor,train
277.73500419943997,90.94915896045919,39.705235999733915,1594ca6c30d3,APTOS,train
506.3264865037155,76.99930245535714,41.01580399027659,IM004831,Messidor,train
404.18660137584834,110.51426977040816,25.786022588109024,63c3c571b8ee,APTOS,train
603.5226815321803,75.33649553571429,39.27669402566969,20051116_44648_0400_PP,Messidor,train
679.253553105314,101.48421556122449,53.23465489433401,20051216_45478_0200_PP,Messidor,train
414.58432310454697,73.01616310586735,40.64770555922897,IM004183,Messidor,val
282.8202345151794,82.11395886479592,45.58648963206175,ee3fe7809e6a,APTOS,val
466.44973605536063,78.4526666135204,41.94470990576268,20051214_51733_0100_PP,Messidor,val
659.4260447639964,95.52417490433673,50.07405124589024,20060411_60347_0200_PP,Messidor,val
346.06928964596597,90.27455357142857,43.69114065213193,a96ff96bbae5,APTOS,val
372.4609468913684,72.82732780612245,37.37544151165324,IM002828,Messidor,val
378.38375098066797,99.5174784757653,51.02476730778994,20060407_46070_0200_PP,Messidor,val
236.97908464842465,88.63695790816327,37.614788924673206,IDRiD_063_train,IDRiD,val
301.5234499684675,90.44220344387755,44.45355453326859,cfed7c1172ec,APTOS,val
365.75908891224253,94.01791693239795,46.613661133518825,fca1a8738b8a,APTOS,val
378.50350134713307,97.22534677933673,41.15629309904256,IDRiD_284_train,IDRiD,val
546.2461371459548,89.03768734056122,46.750408769655934,150fc7127582,APTOS,val
678.406696475282,86.86627072704081,47.0460409814686,20060523_43123_0100_PP,Messidor,val
693.9254829660151,83.22104193239795,35.152717629776006,1ab8d3431ffc,APTOS,val
338.55240356083067,99.11057079081633,30.617947618731424,e85d410d6836,APTOS,val
288.1244858912953,66.52176339285714,36.16685415091571,cfdbaef73a8b,APTOS,val
386.3917201307107,76.33791055484694,41.444451170396036,20051201_38466_0400_PP,Messidor,val
292.6219232309764,70.45928332270408,36.90768743631993,IM001737,Messidor,val
249.13264445273492,93.88645966198979,23.632713451974237,b0eeae01b8ab,APTOS,val
351.30652393395087,70.91029575892857,37.845337308407544,IM003265,Messidor,val
543.8549134327142,78.07545440051021,40.31775948763561,IM001468,Messidor,val
669.5959308974597,71.08900669642857,45.57002351032376,IM003176,Messidor,val
596.4856431747367,106.22825653698979,54.90974461576353,20060411_58155_0200_PP,Messidor,val
374.9086936301661,97.93453045280613,41.00240024466677,IDRiD_319_train,IDRiD,val
169.55606977565245,57.54996412627551,31.54769263312042,IM004806,Messidor,val
107.22206120012403,53.800502232142854,24.41594016854746,IDRiD_001_test,IDRiD,val
236.3739150590273,87.95043447066327,44.77703134513896,1f63d44d9e3c,APTOS,val
499.42929570906267,81.80379065688776,45.8022219671671,28f73575e1f2,APTOS,val
399.07221641048,91.47472895408163,45.14953849837875,c6a8f8f998a2,APTOS,val
203.0086042983291,74.75512197066327,33.97839099135975,06b71823f9cd,APTOS,val
306.5134772376585,83.20069355867346,37.01843563693935,IDRiD_269_train,IDRiD,val
310.11800741364885,79.64192044005102,40.71121184564194,IM000769,Messidor,val
400.81533610071057,82.06465242346938,42.77834745606465,20060523_49269_0100_PP,Messidor,val
225.9210858247718,55.487663424744895,31.565438071620342,IM003626,Messidor,val
572.7936169784399,92.97271603954081,48.77140458607391,20060407_44061_0200_PP,Messidor,val
252.65363220531012,72.88901068239795,37.17706370999657,IM001744,Messidor,val
134.54886147698875,71.81640625,31.99889223458483,1124ffcd76c2,APTOS,val
467.1828418999402,101.35098453443878,40.214903665046656,IDRiD_020_test,IDRiD,val
264.07769881800186,59.79974489795919,32.68546894807907,IM000848,Messidor,val
459.2766941961076,91.38516422193878,45.11998564049149,d99b0f7dd9b9,APTOS,val
326.332344757026,78.07924107142857,39.35247344608134,IM000320,Messidor,val
712.9932056472281,103.50763313137755,45.38680331976847,IDRiD_217_train,IDRiD,val
639.5680098809684,100.84982860331633,52.12780242600515,692e946b1f85,APTOS,val
682.396272258131,96.90485491071429,50.11790939874957,a5bb85afc6e8,APTOS,val
379.4192316225299,98.7100605867347,48.81796551683573,83df53d58f28,APTOS,val
394.8770888716616,86.09536431760205,43.33785201513752,71e43b4f8ba6,APTOS,val
559.6209115787428,96.54514110331633,49.89974039118162,20051216_43814_0200_PP,Messidor,val
434.1438436686918,73.54960538903062,39.437330335600265,IM004346,Messidor,val
181.89491441298503,79.71623883928571,33.89495097888951,IDRiD_017_test,IDRiD,val
329.3485923740875,63.14146205357143,36.16198958904805,e5de79795c1d,APTOS,val
388.6563113513265,81.66826769770408,42.171807199377895,IM001335,Messidor,val
522.0872982061688,107.52989477040816,55.51499189168476,20060412_58032_0200_PP,Messidor,val
313.5509337679836,77.44561144770408,42.2671705137382,7f2123bc89a3,APTOS,val
254.09258038577613,84.60857780612245,41.10307507201041,IM002384,Messidor,val
427.7826587132045,85.7171556122449,43.7295118463804,93d6d20a5ee3,APTOS,val
303.5594126468199,66.92482461734694,37.210585046168916,IM004685,Messidor,val
302.4250750051146,81.31134406887755,45.36951685975521,070d4ce5fd90,APTOS,val
236.75931567820052,65.82027264030613,28.15859360598455,07a1c7073982,APTOS,val
409.12234340732863,68.98907844387755,36.15511806756847,20051021_59136_0100_PP,Messidor,val
273.9252272816014,63.54346699617347,33.60551176352029,IM001745,Messidor,val
757.020066349867,93.02861926020408,49.306787942310194,20060523_43038_0100_PP,Messidor,val
566.0824921050702,90.67671795280613,46.52548972589696,68987fb159ab,APTOS,val
294.69126403217564,93.7305683992347,47.39394976885621,IM002033,Messidor,val
480.9007750610072,81.96783322704081,45.02438267353481,IM004277,Messidor,val
232.32851820139035,67.97309470663265,35.9456056957562,IM001941,Messidor,val
228.83658654031433,68.83912627551021,35.873381528618545,IM001477,Messidor,val
470.51810054906167,91.41984215561224,47.10634146305313,58af2c054ced,APTOS,val
315.912068777708,100.7562181122449,49.72346200123892,d1a60c3b9fe5,APTOS,val
457.51508176828213,71.28689014668367,39.153222000944126,ecb4500285ed,APTOS,val
467.8476087509817,101.57948022959184,51.88791697294336,20060412_59338_0200_PP,Messidor,val
351.22820740985355,92.46215322066327,38.092314665331386,bf1b7e21e774,APTOS,val
403.4235517254774,63.585578762755105,35.71054068668044,1f4fb37e0854,APTOS,val
373.1924379115202,89.74035395408163,43.9882464632944,ac17cc18a994,APTOS,val
421.8398389673293,73.35144292091837,39.775838396490705,a73c3d516c59,APTOS,val
289.08793139944265,78.48064811862245,38.78572435947111,IM001492,Messidor,val
364.5526876163602,84.8502272002551,41.16159586555188,ec0c9f817b03,APTOS,val
364.2267602982495,70.70687181122449,36.64930571439366,IM004739,Messidor,val
167.65252949882674,57.73003029336735,30.529620642489768,dfea19863428,APTOS,val
390.35430933623843,75.55939094387755,40.534603856866944,20051202_55626_0400_PP,Messidor,val
308.15023786194473,89.30931122448979,46.07379853785349,IM004027,Messidor,val
492.0266926676867,91.07758689413265,46.210616711136886,ba0107fb1bfd,APTOS,val
167.28507480796105,73.08619658801021,38.266639548344976,IM000378,Messidor,val
480.8657077088648,90.22660235969387,44.314727483874606,f02babb3a023,APTOS,val
244.76378114558122,71.06074617346938,36.987466540382,IM004553,Messidor,val
237.77085574434875,87.25021922831633,42.39367267990103,baaca2f7e1f0,APTOS,val
208.68043468972635,90.1572265625,38.717448123745605,IDRiD_323_train,IDRiD,val
442.52387630616755,110.38221460459184,55.933494449618706,20060412_57680_0200_PP,Messidor,val
567.4169620639431,82.46845105229592,46.317200743375714,404ede327e98,APTOS,val
318.87334666754595,98.02973533163265,41.27417437577509,IDRiD_106_train,IDRiD,val
843.37393616776,93.88560267857143,44.802843542886436,IDRiD_212_train,IDRiD,val
178.73937323171862,63.89624521683673,34.66684548143581,IDRiD_147_train,IDRiD,val
513.4878427933673,76.75731425382654,41.26721768250047,IM003482,Messidor,val
524.6781816140953,77.72361288265306,41.43375147136023,20060530_54556_0100_PP,Messidor,val
359.56056904147334,70.2055365114796,36.71587817198647,IM003011,Messidor,val
638.1515000870406,99.30297353316327,51.69997100271005,20051216_45992_0200_PP,Messidor,val
423.3522215826915,91.2176737882653,45.24082265582694,f0546a45ef10,APTOS,val
371.412893934381,89.10357541454081,33.1559343423522,041f09eec1e8,APTOS,val
454.4557861795231,103.69949776785714,42.05166933144912,IDRiD_362_train,IDRiD,val
389.17236852069937,77.16081393494898,40.95266247100163,20051208_39532_0400_PP,Messidor,val
312.6906598975687,88.47969148596938,42.859904418473526,c2a58b2cfd0b,APTOS,val
275.64472424254126,101.97989078443878,40.26063660462289,IDRiD_023_test,IDRiD,val
431.2969936571832,82.59325175382654,43.136885949605656,20051201_38199_0400_PP,Messidor,val
381.12967849939577,107.18658322704081,53.803907991364945,20060411_62162_0200_PP,Messidor,val
200.65751477630374,65.45910395408163,31.844328005319362,IM001008,Messidor,val
326.9120693051879,63.226143973214285,33.78972026811574,IM003990,Messidor,val
376.34043592574545,70.29542012117346,38.225308195147306,20051205_58577_0400_PP,Messidor,val
368.35612596744596,88.28358179209184,42.688705441594074,07596907347b,APTOS,val
113.65155730908833,53.422871492346935,25.908253393907106,fb767cea406c,APTOS,val
360.3878053743012,72.8656927614796,37.38225506750164,20051130_58921_0400_PP,Messidor,val
290.07725970241637,79.85865752551021,34.004367169388985,IDRiD_378_train,IDRiD,val
297.3263221368945,111.39726163903062,49.543797375790334,IDRiD_077_train,IDRiD,val
352.6622489947471,96.93610491071429,41.604435733596155,IDRiD_228_train,IDRiD,val
282.45512453648803,76.67169563137755,38.79091118265429,IM001476,Messidor,val
993.4433214182856,97.3178411989796,46.260303998305055,IDRiD_205_train,IDRiD,val
206.36708878457972,70.47277582908163,30.20457552373493,IDRiD_051_test,IDRiD,val
318.7492726459845,79.5327447385204,40.83065786854931,IM001853,Messidor,val
440.66645623564176,106.03097098214286,29.79914622492546,3a122851e526,APTOS,val
721.8407514080411,69.10138313137755,39.93617188635432,20051213_62437_0100_PP,Messidor,val
432.6021667533693,97.49296476403062,41.6656555906519,IDRiD_044_test,IDRiD,val
451.07697873471034,110.84157764668367,57.13009722574005,20060412_57650_0200_PP,Messidor,val
482.55161105707657,86.73311941964286,45.44915337093371,20060410_39075_0200_PP,Messidor,val
239.60811622775336,76.28683035714286,41.43267181099044,20051117_37155_0400_PP,Messidor,val
256.10697507401494,64.47733976403062,34.222267442023764,IM003520,Messidor,val
323.4118611666621,87.08185188137755,43.35422820260729,934104859e68,APTOS,val
394.8731265622147,92.46514269770408,47.42690255192729,20051205_59702_0400_PP,Messidor,val
449.17002183524136,94.79667570153062,48.792236593864935,1db6bb46c102,APTOS,val
495.8940478141781,89.51789700255102,49.25649769867055,540e4973829e,APTOS,val
167.01567546927097,60.122688137755105,32.84553813283701,eb175669d789,APTOS,val
253.25562403272562,88.90529336734694,39.062559682118085,IDRiD_037_train,IDRiD,val
471.7713096774355,70.71871014030613,36.05485659450815,IM002336,Messidor,val
367.218904522646,73.78011399872449,37.07717809701157,20051130_58962_0400_PP,Messidor,val
266.6190935188112,72.00013950892857,35.692767233615236,IM002921,Messidor,val
689.3321283091013,95.04516103316327,48.7315416032004,7831ce1d895e,APTOS,val
394.0128141126748,96.84428810586735,49.33659350184176,20060407_44766_0200_PP,Messidor,val
276.16767593147057,83.59353077168367,35.211095558081695,IDRiD_076_train,IDRiD,val
236.12691361126627,65.39825813137755,34.936439704006176,20060530_53152_0100_PP,Messidor,val
801.8125231185589,81.4878228635204,52.01974990115361,a77eb914b383,APTOS,val
674.0247700189561,85.81377551020408,47.23253272488961,9a159d4674cd,APTOS,val
464.2155980082762,92.43183992346938,46.30831672555123,12bc439d373a,APTOS,val
317.61432686630565,72.66057477678571,36.71999000539301,IM002284,Messidor,val
270.26459840951685,87.84269371811224,45.60736252724539,20051207_56219_0400_PP,Messidor,val
645.3032458745058,95.47678172831633,51.68731818755994,20060412_51860_0200_PP,Messidor,val
281.524830987383,64.4961933992347,35.814244955880206,7f43becd3e83,APTOS,val
529.7144530712194,89.4188456632653,45.44674947690975,315c1a0d87fd,APTOS,val
103.04359348293941,63.0666653380102,29.160141551751206,0cbcc7b23613,APTOS,val
109.65355944484534,86.19429607780613,34.17419922993608,IDRiD_068_train,IDRiD,val
430.8791671031617,80.90264269770408,42.77460975284866,IM003475,Messidor,val
202.14611767749398,78.6543965242347,30.26029518966818,0cb14014117d,APTOS,val
510.2192318609287,98.25723453443878,50.68169752645844,20060407_43594_0200_PP,Messidor,val
304.5205570889829,79.31341677295919,39.63465900386237,IM001490,Messidor,val
251.94182224067137,105.82114955357143,42.63490485888863,IDRiD_391_train,IDRiD,val
217.7887239976507,100.5997090242347,39.121192935312116,IDRiD_407_train,IDRiD,val
222.50885365616028,76.85385443239795,38.99634380412017,IM000895,Messidor,val
363.85446678862274,95.23100685586735,46.71310849144283,b92eacd1392a,APTOS,val
567.5638974816142,96.41234853316327,51.399177121216816,20060411_58971_0200_PP,Messidor,val
282.4013615806418,88.71203364158163,43.826799432482424,2b4c7b5f1f1e,APTOS,val
305.88842091526607,97.67442602040816,49.734153633262686,IM004782,Messidor,val
674.9463655216799,94.70085299744898,50.035788332635605,20051216_44398_0200_PP,Messidor,val
551.1584608768335,95.10792012117346,42.09014764513826,IDRiD_365_train,IDRiD,val
445.79841840490604,86.40021125637755,43.84163698364406,bf9cba745efc,APTOS,val
343.77082599693915,105.81911670918367,54.76929493534397,20051214_41358_0100_PP,Messidor,val
331.87903421752304,78.24968112244898,40.281858805349756,20051201_38041_0400_PP,Messidor,val
258.11097349915985,80.34540417729592,39.116221936208575,cd941e5bc659,APTOS,val
458.63052910260984,93.9311822385204,42.472499020850705,IDRiD_246_train,IDRiD,val
513.6621986128598,96.68092315051021,49.51362723654703,20060411_61641_0200_PP,Messidor,val
537.2355072247093,78.35931521045919,44.95503770502701,342edf9b889d,APTOS,val
304.1589543387474,86.99998007015306,43.008086817805776,IM002725,Messidor,val
205.01886235451207,73.36722735969387,36.79304697544375,9f436886e056,APTOS,val
502.2021555298818,83.91450095663265,44.30253074139393,20060411_59176_0200_PP,Messidor,val
273.75548458099365,95.0102240114796,49.53174788004657,20051205_31994_0400_PP,Messidor,val
456.4643993286329,73.69477439413265,39.4165052115031,IM003564,Messidor,val
577.640679603316,115.23784279336735,40.62777256632526,1269ab57c2e6,APTOS,val
359.2532119020131,82.44031010841837,42.34369216163841,IM001927,Messidor,val
582.3214393243944,93.91242825255102,42.32278601503276,IDRiD_318_train,IDRiD,val
380.46135460282795,93.78900271045919,45.495881819235876,5bea250d8bf5,APTOS,val
359.7263245096012,84.95758928571429,35.76387955905339,IDRiD_082_test,IDRiD,val
256.1026299018654,69.48064811862245,27.096588563746405,165cd2070ebd,APTOS,val
383.46249412368206,84.2627949617347,46.832673659517916,8b58f9a338e8,APTOS,val
318.3529987799928,62.61377949617347,32.436220911106574,IM001637,Messidor,val
477.2959513618568,78.28531568877551,43.75741724219722,fbfa925506f6,APTOS,val
496.7881335695799,73.01275510204081,39.199039389114,IM004347,Messidor,val
359.5378206019499,93.73883928571429,47.32403752705306,10f10fd30718,APTOS,val
177.83495076921074,62.24730947066327,32.605346500103195,184a185e7447,APTOS,val
413.23326141821354,109.57936065051021,55.11708172085007,20060411_59549_0200_PP,Messidor,val
434.49644414567297,107.58856823979592,43.082572667572855,IDRiD_041_test,IDRiD,val
308.48577265519,89.9423828125,38.087069316309545,IDRiD_327_train,IDRiD,val
418.8278409547977,80.90961814413265,41.3551528477121,7d1b40fdbd86,APTOS,val
427.34544096108226,91.76564492984694,46.77493554670917,4cde86044ad1,APTOS,val
472.3231134216074,87.68132174744898,44.64460852250788,94076a9fb9b5,APTOS,val
293.8997923192855,98.42380819515306,21.265544621492065,a3802934bad7,APTOS,val
406.2421170079375,79.55978954081633,41.89673957644949,d035c2bd9104,APTOS,val
365.61577389807263,86.8568040497449,34.24506930269095,07a3be30563b,APTOS,val
389.439054613459,81.63101881377551,41.57617656153641,0d9a9896f801,APTOS,val
342.5890624277893,99.74950175382654,51.11288755047289,20060411_58644_0200_PP,Messidor,val
321.93920511049515,85.20711096938776,45.408506162346384,IM000998,Messidor,val
372.2677552943327,65.10455197704081,35.386986728540954,20051110_38313_0400_PP,Messidor,val
620.2026613097248,84.53194754464286,44.624813047168026,20051021_52127_0100_PP,Messidor,val
266.37364070269524,86.00033880739795,45.722661366994735,29f9e1ac9507,APTOS,val
437.23291899630647,77.88791454081633,40.43973741153143,20051130_60234_0400_PP,Messidor,val
451.642315379186,88.7626953125,45.91458269568851,54038e56131d,APTOS,val
409.2302591752033,103.99944196428571,53.093497184186965,20060411_58134_0200_PP,Messidor,val
386.0622610054826,79.37246890943878,42.80267556550453,IM003058,Messidor,val
373.106796205863,98.14004703443878,51.55780994623288,f252046c0fe6,APTOS,val
570.1503211275234,97.88109853316327,50.12275123338642,20060412_52098_0200_PP,Messidor,val
694.3898204198135,91.2095025510204,47.65530124289442,20060529_56730_0100_PP,Messidor,val
428.30494475136294,71.64921476403062,38.96650317286017,20051116_58864_0400_PP,Messidor,val
427.70897939253825,70.76397082270408,36.86436030633201,IM002577,Messidor,val
392.25050501920737,88.30171795280613,44.90966505357903,IM001253,Messidor,val
405.7529084131351,86.92719626913265,42.83220094715821,6e092caa065f,APTOS,val
324.17525145670913,100.25858976403062,40.353083263594385,IDRiD_408_train,IDRiD,val
449.7615651691124,89.02218191964286,44.78928270440878,259d30f693b6,APTOS,val
298.911392357686,94.40260283801021,48.267266282039486,20051216_45245_0200_PP,Messidor,val
430.8926000467989,79.24332350127551,40.60914188704994,20051130_59802_0400_PP,Messidor,val
371.3546683272934,84.55781648596938,44.03690688972904,20060529_57447_0100_PP,Messidor,val
471.3142934685595,90.97873485331633,46.791180652512246,20060523_45389_0100_PP,Messidor,val
529.8319651334796,103.84673947704081,53.036658508793984,20060410_44248_0200_PP,Messidor,val
453.1798007298588,98.68929368622449,38.040267922152324,1c4f3aa4df06,APTOS,val
457.03312665787604,82.9106744260204,41.719316724628825,3132556f5352,APTOS,val
340.95665386943506,91.90361926020408,47.12745366562411,20060407_45852_0200_PP,Messidor,val
524.7622764743104,109.69714604591837,54.92651627871242,20060411_60009_0200_PP,Messidor,val
384.6023454133892,60.837531887755105,33.49998261639442,0a74c92e287c,APTOS,val
320.4089026043982,65.00934709821429,34.97737077544026,IM003758,Messidor,val
546.0262157685654,110.55592315051021,46.55420311121891,IDRiD_367_train,IDRiD,val
455.634395165227,87.37322624362245,36.29869497020098,IDRiD_074_test,IDRiD,val
436.3391880081476,84.42950813137755,43.31833112561821,310c27067ac0,APTOS,val
288.9643655349592,75.02252072704081,32.18554164576292,1638404f385c,APTOS,val
287.8142473188255,89.08452248086735,45.3605231402102,20051214_56821_0100_PP,Messidor,val
310.56406707159937,73.80855389030613,32.105740278745586,4e6071b73120,APTOS,val
506.4835246498015,93.48357780612245,47.542309732348386,75c180e04f65,APTOS,val
308.6759357063138,96.65760522959184,38.62314852001658,IDRiD_108_train,IDRiD,val
372.37654392603076,70.64425223214286,36.9181448085111,20051201_38280_0400_PP,Messidor,val
428.32027044776885,93.09849330357143,45.62190443398815,9274e75dc4d5,APTOS,val
655.927913336891,92.94658801020408,49.630819145180254,IM000881,Messidor,val
264.5391012026538,60.10104432397959,33.998123525367134,IM003222,Messidor,val
744.6662490873323,95.97207828443878,50.160924443962884,20060412_58747_0200_PP,Messidor,val
454.82149336209943,87.58396444515306,46.47993387029231,IM004470,Messidor,val
299.98575566143654,85.65451610331633,41.541904047186534,c365c598ad4e,APTOS,val
543.8720987960231,103.95258689413265,53.279294282330326,20060523_47987_0100_PP,Messidor,val
542.6183590330913,75.42179528061224,40.77807481498181,20051021_58316_0100_PP,Messidor,val
303.3705277540246,98.02128507653062,49.67453889874228,3fd45879afe6,APTOS,val
553.7002027798375,100.22731983418367,51.589251175547226,20060407_45379_0200_PP,Messidor,val
568.9682851503015,98.26484773596938,51.22507354846232,20060530_51279_0100_PP,Messidor,val
971.533003177905,103.34958944515306,54.826429370626876,20060407_45737_0200_PP,Messidor,val
192.37665394850941,71.78083147321429,36.258790279364504,IM000887,Messidor,val
492.0147066446009,87.92594068877551,44.31334976130681,821789e9053f,APTOS,val
193.12339407083937,64.07320232780613,35.09446871022744,3286073a976e,APTOS,val
357.3560966923057,71.9141621492347,38.66526678913331,IM000704,Messidor,val
538.8103001525828,89.85190130739795,47.849099487031644,20060529_57430_0100_PP,Messidor,val
497.6558626481564,67.74816645408163,36.77076288757874,20051020_53062_0100_PP,Messidor,val
206.38532748494433,78.35626594387755,32.03108399346829,1b32e1d775ea,APTOS,val
235.73293714670277,104.13952885841837,43.63966639502234,IDRiD_236_train,IDRiD,val
511.4935705807744,79.16133211096938,42.34440705128866,20051021_51625_0100_PP,Messidor,val
725.8367459167298,92.18445073341837,43.524999484516904,IDRiD_230_train,IDRiD,val
367.84313385092383,94.14038584183673,47.181640973374506,3b5dffe159b6,APTOS,val
421.9491882197116,83.04884805484694,31.055522173328512,1bb0ddfe753a,APTOS,val
497.932685406791,93.46924824617346,48.3108821849995,20060411_62058_0200_PP,Messidor,val
602.6876391975246,95.44575095663265,49.394756431957596,20060411_61624_0200_PP,Messidor,val
442.754177076029,79.03380102040816,42.79392115905061,IM004276,Messidor,val
481.449762317748,86.05554448341837,45.102535225678565,IM001687,Messidor,val
417.90742986314444,74.97546635841837,40.2925681422091,20051214_41949_0100_PP,Messidor,val
607.5292512952462,93.5313496492347,51.180912299226605,69c4cbb630de,APTOS,val
181.81906263573077,80.30693957270408,30.481607315874395,1c4d87baaffc,APTOS,val
154.61328672657706,56.94471460459184,32.883003894404816,005b95c28852,APTOS,val
340.4692779121574,89.09927056760205,44.93242750575318,eabf421f94d0,APTOS,val
477.51543517988557,93.04545998086735,46.58214198985866,febfb20dc311,APTOS,val
348.4169742337171,83.89213966836735,42.062213876285334,IM002622,Messidor,val
298.6216206258657,82.80108019770408,40.366040714119315,c1819db0aece,APTOS,val
259.78469414573965,76.72885443239795,36.94225967311576,IM001273,Messidor,val
503.7472492743909,87.62727200255102,44.64037118993436,e6552b7432b3,APTOS,val
615.7481713662391,90.80873325892857,48.23393354069306,20060410_40633_0200_PP,Messidor,val
313.7675821923157,85.18524792729592,44.39117652128577,f3a88d3026dc,APTOS,val
590.8265965627362,92.95916374362245,30.342884429356367,441affbe99aa,APTOS,val
431.85148239890424,79.2422871492347,40.04499609533413,20051201_37462_0400_PP,Messidor,val
820.3462782879265,87.82932079081633,47.70621529719741,20060523_49573_0100_PP,Messidor,val
637.8606501507392,94.81997369260205,49.87761984640682,20060410_44953_0200_PP,Messidor,val
270.18241915649196,65.54165338010205,36.89102874577973,IM002939,Messidor,val
302.7133630369664,81.93839684311224,34.07661445325378,07122e268a1d,APTOS,val
391.5360884533381,81.75972576530613,42.24959131913561,d436c06f0490,APTOS,val
332.31511388426765,61.97349330357143,35.63004427066051,IM004391,Messidor,val
374.6023979266451,98.21219308035714,48.85627066977829,13073f075a56,APTOS,val
692.1368809453352,93.87916533801021,45.1889885954433,IDRiD_285_train,IDRiD,val
258.3879478383888,71.77467315051021,40.87186874987266,598b8f5b3822,APTOS,val
215.0235733928307,57.374103156887756,29.464354947714266,8693ab1fd2be,APTOS,val
611.9682967322213,86.01355229591837,41.117072556554774,IDRiD_215_train,IDRiD,val
386.92091415982003,88.51897321428571,45.61328169717135,8dafa62f9322,APTOS,val
332.37394376736484,83.62306680484694,41.19392255019845,9bbb6c455913,APTOS,val
436.14545582036874,83.65298150510205,32.24680108978087,1116271db4ea,APTOS,val
432.2690007540645,86.23258131377551,44.85643770418036,6852f4531591,APTOS,val
576.3271455506591,110.28910235969387,56.15417118531172,20060411_59657_0200_PP,Messidor,val
528.6759378635005,97.23381696428571,49.85823390483617,20060412_60573_0200_PP,Messidor,val
364.5539559579204,72.90427694515306,39.13919543301784,IM003759,Messidor,val
528.2230405859132,83.96418606505102,43.33941646099617,4bd5d0b30198,APTOS,val
894.5563082998865,93.37332589285714,50.72949872022464,20060411_58303_0200_PP,Messidor,val
662.6787136829381,96.54133450255102,50.39691436036172,20060407_46235_0200_PP,Messidor,val
518.8620795726974,83.40015146683673,42.43656584259349,542964865b1e,APTOS,val
417.8874774978142,80.71635841836735,40.39641075459154,05339950962e,APTOS,val
241.79213160388122,73.80387037627551,27.696081330853257,1bf30c84bbad,APTOS,val
514.4970885899999,88.53352200255102,46.21660396592,a88365134c3c,APTOS,val
649.3136356704089,100.93217873086735,52.83583370164274,20060410_45167_0200_PP,Messidor,val
402.521499308086,71.81299824617346,37.282659492998235,IM001439,Messidor,val
377.1179326223066,67.7330397002551,36.59827883395336,IM004192,Messidor,val
365.6287934185316,85.73973612882654,42.06249531257232,ef7eb85b75fc,APTOS,val
282.5649039452397,79.66625478316327,39.7551486121113,IM000689,Messidor,val
345.4446770609642,75.37159199617346,38.05331183167955,20051130_60532_0400_PP,Messidor,val
831.6539883814173,106.60196109693878,56.833642377660006,20060530_54011_0100_PP,Messidor,val
308.34774481579944,71.7466119260204,36.010621158998696,IM001033,Messidor,val
348.6899362486236,57.37611607142857,30.731171365972905,IM004208,Messidor,val
409.71099320911753,91.69880022321429,48.2651362483127,20051213_62188_0100_PP,Messidor,val
331.9099809864271,62.868443080357146,32.82812753243508,IM003969,Messidor,val
278.3331608416785,80.95450015943878,33.75585949343883,IDRiD_073_test,IDRiD,val
553.2098953865907,105.8362962372449,43.46106607683125,IDRiD_057_train,IDRiD,val
384.2060258822458,85.90258290816327,42.21661689492746,bd06028eb7dd,APTOS,val
335.3340518062485,74.38458625637755,38.29390113709865,20051109_60136_0400_PP,Messidor,val
238.77015891148613,83.37015704719387,40.43391334901644,8b079e79035f,APTOS,val
216.4574365516545,59.056222098214285,34.0984534548214,fe3b0e50be78,APTOS,val
396.25191759914225,102.72538663903062,52.1313001469209,20060412_51775_0200_PP,Messidor,val
555.2279071637065,100.96293048469387,52.47810924708992,20060411_58829_0200_PP,Messidor,val
621.375797390888,81.51225685586735,44.20166555869068,IM002782,Messidor,val
770.4266647964852,95.69830197704081,44.35556552347782,IDRiD_218_train,IDRiD,val
402.12866927166374,66.40842235331633,37.571696236844424,IDRiD_223_train,IDRiD,val
230.6917106631596,94.64544802295919,39.15434114693642,IDRiD_104_train,IDRiD,val
192.1163559611367,66.65806361607143,33.08021327249083,17188c13e635,APTOS,val
718.5523304889621,113.56732302295919,59.13712092186181,20060407_44192_0200_PP,Messidor,val
381.2425545498214,93.2046197385204,45.48452527403347,495106ae3b68,APTOS,val
407.63916406468616,74.4839166135204,37.55772529330461,IM001386,Messidor,val
616.6036487263176,74.40055006377551,40.69536433389998,20051021_40377_0100_PP,Messidor,val
743.0233239313305,98.0307318239796,46.42314198411654,IDRiD_326_train,IDRiD,val
463.26221983693927,88.37025669642857,45.63431974527454,ea9c41e1ced0,APTOS,val
441.55328855272234,56.1555325255102,34.510809013683186,IM004006,Messidor,val
431.8524182183403,92.43425143494898,37.849850074463404,IDRiD_349_train,IDRiD,val
261.1802991984637,85.0679009885204,38.2849468907686,IDRiD_240_train,IDRiD,val
287.2616204921527,76.50593909438776,39.915949797957666,025a169a0bb0,APTOS,val
277.66208601613585,65.82577327806122,34.11298592841769,IM002509,Messidor,val
358.3589595423694,79.15531329719387,29.710113783670426,0fcfc6301f3d,APTOS,val
220.34865933862744,70.14044563137755,34.884925874155016,IM002466,Messidor,val
291.8779724129832,87.32342155612245,41.45464165749255,5299a532f0e0,APTOS,val
281.8372010990065,70.58171237244898,28.293719055855103,0231642cf1c2,APTOS,val
433.4143433604623,91.14253826530613,45.32836381487578,fbcbc81cf9be,APTOS,val
536.5246161377862,93.57661033163265,47.54269771127591,fbdc796290d4,APTOS,val
389.9866801444217,86.34791533801021,44.73879589504215,a3706ce27869,APTOS,val
295.49790248489535,80.69909917091837,30.649322325459917,05a5183c92d0,APTOS,val
413.7332743954927,88.80662069515306,46.732348125258206,20051214_56778_0100_PP,Messidor,val
258.38131074496283,70.51987005739795,35.61578329955012,IM000349,Messidor,val
291.55809425821104,105.84737723214286,42.09758492912285,IDRiD_405_train,IDRiD,val
349.4465178982609,81.57936065051021,41.98517004686526,IM002621,Messidor,val
673.7089857731397,87.50603874362245,36.70492606968477,0369f3efe69b,APTOS,val
356.4134837364664,61.60704320790816,32.31067829770466,d85ea1220a03,APTOS,val
470.81937032180844,91.11419802295919,45.73086893283757,2da82d14e1b7,APTOS,val
240.55486991275401,88.9594427614796,38.49338439601847,IDRiD_004_train,IDRiD,val
785.3306666004414,102.76295440051021,53.31446978568924,20060412_58368_0200_PP,Messidor,val
392.20713229737447,84.78459821428571,43.03378448953368,c6d4e4a3bd4c,APTOS,val
371.6300239574904,67.0633769132653,36.30563839698709,IM003125,Messidor,val
428.38842476610847,96.20561623086735,49.98737796227574,20060412_52910_0200_PP,Messidor,val
831.8869593253686,92.78687021683673,50.71932444593137,20060412_61316_0200_PP,Messidor,val
742.3219660668013,87.1850884885204,47.85530756808868,675de69373f8,APTOS,val
441.438488220682,87.60345583545919,43.337387606498915,9bd008aab548,APTOS,val
413.1797371323732,67.28168845663265,36.17292414436821,20051020_44284_0100_PP,Messidor,val
361.98642168239667,84.74210778061224,42.54810801233951,00f6c1be5a33,APTOS,val
354.10428969714104,93.28555484693878,45.447457487772176,0423237770a7,APTOS,val
430.73389711860614,88.25727439413265,43.86412998125461,62b4be2799ca,APTOS,val
477.6081984840498,87.75671635841837,44.60343420863092,20060523_50631_0100_PP,Messidor,val
399.8647642377912,89.57625159438776,44.854024737855454,de6210f88536,APTOS,val
387.1931073793716,70.65455596301021,37.16002603131725,IM000851,Messidor,val
422.3113407753051,82.63693797831633,41.61766399662543,20060523_49100_0100_PP,Messidor,val
404.3947338178127,71.23688616071429,39.813753557273536,58059e73d2d4,APTOS,val
438.85924331072414,66.44878029336735,36.53477558594869,20051020_43808_0100_PP,Messidor,val
397.1669535539588,76.63321109693878,39.50405781543568,20051020_65230_0100_PP,Messidor,val
363.64406507842403,80.05835459183673,41.75801010822048,IM001321,Messidor,val
383.90427126203264,87.10646524234694,44.05785799805367,20051202_51518_0400_PP,Messidor,val
287.48216738774346,85.65836256377551,41.26608705015594,3079490a4b9c,APTOS,val
262.63390625799167,64.71277104591837,35.62920570645429,a45c30da0c72,APTOS,val
599.3419453558552,82.31879783163265,43.414285592607946,13d014ccd136,APTOS,val
423.97656558822064,86.82489636479592,41.88254899293391,b5bf7b84fc66,APTOS,val
445.19432760863833,88.67653858418367,45.03773003315119,4faf4063db8c,APTOS,val
232.43400617581213,104.76327327806122,41.117945358257266,IDRiD_070_test,IDRiD,val
546.679106228156,97.19746492346938,43.34431705978893,IDRiD_308_train,IDRiD,val
253.54655309579414,88.64666374362245,42.00018048371547,IDRiD_352_train,IDRiD,val
446.25597366021606,86.00862962372449,42.8953515650952,842d697884f6,APTOS,val
731.2248067156766,93.89654416454081,49.128562284987076,20060523_49449_0100_PP,Messidor,val
502.62454937915413,102.10534917091837,41.997415475886456,IDRiD_330_train,IDRiD,val
769.2606638519529,112.81122448979592,51.812726159922086,IDRiD_197_train,IDRiD,val
525.200251485943,88.54352678571429,43.707187721016204,fdc685055659,APTOS,val
299.3858910349695,71.23168447066327,35.67357268380498,8b8fe3fc8950,APTOS,val
266.99843514477,87.27525111607143,42.24655199739695,fa7fa797c650,APTOS,val
340.17259279066,86.16035554846938,43.422306791621835,20051201_38349_0400_PP,Messidor,val
677.0224591258764,83.9540019132653,48.804723389441456,9c6512166557,APTOS,val
370.2008618883469,76.82930086096938,40.286820190926285,IM003982,Messidor,val
344.54762079277816,104.9969706632653,25.98551982362949,ad2f0b9d059c,APTOS,val
414.2518799415185,108.82435825892857,43.36933497467866,IDRiD_355_train,IDRiD,val
533.4855025981377,94.11511479591837,46.64445497276402,737ef6226677,APTOS,val
638.6228413925426,88.5364915497449,46.26882398917534,20060412_61151_0200_PP,Messidor,val
421.9526147103618,71.66910475127551,39.154082220628396,c97472ef2c66,APTOS,val
252.64014899973964,70.2696308992347,36.45231554052758,20051117_37051_0400_PP,Messidor,val
398.76705611323075,66.68341438137755,37.31073893111235,20051116_58835_0400_PP,Messidor,val
521.8250021273172,82.91183035714286,43.50734683550698,20051021_58683_0100_PP,Messidor,val
387.9752943729273,89.10528938137755,45.3900551893961,5293576816aa,APTOS,val
224.69611369605266,85.8275071747449,35.04101439205878,IDRiD_341_train,IDRiD,val
352.90782464816635,85.7100605867347,43.31453882687192,20060523_49120_0100_PP,Messidor,val
268.48596460230397,65.50227200255102,35.48289543656907,20051212_38106_0400_PP,Messidor,val
278.0474461972937,85.01407047193878,43.450673854376184,IM000480,Messidor,val
338.1381635860521,85.29753268494898,42.058815721341276,e893e86dde94,APTOS,val
642.6429940827038,91.71195392219387,43.00771583626865,IDRiD_210_train,IDRiD,val
433.55457676732993,76.70647321428571,39.93951824366779,IM001175,Messidor,val
242.56732965617917,72.90056999362245,38.474448431044024,20051021_39482_0100_PP,Messidor,val
136.34571021738176,63.716876594387756,27.45432560086696,IDRiD_019_train,IDRiD,val
223.2103789777172,96.62527901785714,38.522628090537495,IDRiD_040_test,IDRiD,val
319.92029089333863,96.77216198979592,41.00274180705112,IDRiD_010_test,IDRiD,val
571.327934439507,92.82734773596938,46.94213545104924,ea5c42a78979,APTOS,val
643.3744206855516,78.96111686862245,42.812816348407296,20051021_58522_0100_PP,Messidor,val
442.6367000558385,89.15104830994898,45.86741239037721,7c2e852171c0,APTOS,val
181.9147493790607,73.86577248086735,28.94329602720223,01c7808d901d,APTOS,val
543.0090520637128,99.3917012117347,50.73517739335515,20060411_51958_0200_PP,Messidor,val
437.1012073339695,104.27694515306122,41.33917472653477,IDRiD_400_train,IDRiD,val
405.0990775826076,85.38303172831633,41.403725980351965,0ef4c61dc056,APTOS,val
373.0911485540127,63.88954878826531,34.963068126241936,IM003324,Messidor,val
356.1465364731833,92.21898915816327,30.460070305800695,e31c42a8652b,APTOS,val
566.1734141354162,74.7661431760204,41.6577218639785,IM004407,Messidor,val
542.6812002010416,98.88382892219387,51.48911557422734,20051216_45100_0200_PP,Messidor,val
271.7040052620484,90.36688855229592,42.63294944384291,0182152c50de,APTOS,val
534.0792140730318,89.8980787627551,45.74640568511713,916915f01e17,APTOS,val
210.27156667300235,85.05939094387755,36.23067994756977,3d663a6a50a3,APTOS,val
276.6012911528461,84.37777024872449,44.6780469265507,IM000547,Messidor,val
380.0320030380815,95.78039301658163,46.6303379334679,17f6c7072f61,APTOS,val
361.1464463821404,72.09444754464286,36.614514015359454,IM002845,Messidor,val
493.61111964964954,112.478515625,57.15300217557985,20060410_39586_0200_PP,Messidor,val
452.5236089818432,96.70623405612245,48.54820542881563,b598bc9753c2,APTOS,val
427.66724819960274,86.57979910714286,43.71006479196531,e8ddfc9709ce,APTOS,val
474.1912380692761,87.83015784438776,43.70584565910356,875d2ffcbf47,APTOS,val
384.6549085214305,87.13855229591837,44.010867849294115,98441214557f,APTOS,val
510.6602595212905,79.22128109056122,41.896821748117134,20051214_51039_0100_PP,Messidor,val
301.2865715678261,93.35491071428571,37.90606933296027,IDRiD_411_train,IDRiD,val
810.4531054196879,87.50173389668367,47.016493474785214,20060529_57261_0100_PP,Messidor,val
605.3552978973198,92.19559151785714,48.36685237657952,b7bd4a6627b6,APTOS,val
355.9568448648608,75.87577726403062,40.45843077195988,IM003070,Messidor,val
382.6622200425294,78.34644052933673,41.25717915077042,20051214_40767_0100_PP,Messidor,val
291.7305900942331,100.81714365433673,38.78205381312004,IDRiD_052_test,IDRiD,val
312.8004019056842,64.83673469387755,36.42600014193608,20051116_43721_0400_PP,Messidor,val
542.6188552229665,88.37753109056122,45.917334145472076,20060523_50262_0100_PP,Messidor,val
243.3722158489204,61.58731265943877,34.62339736815666,9ed6c2b25767,APTOS,val
298.9948137657487,73.32906170280613,38.36280069916372,IM001152,Messidor,val
194.27508611611555,62.21753427933673,33.598856284125866,IM003286,Messidor,val
418.8892248885327,84.60437260841837,43.02002006193187,ae58ccb5905e,APTOS,val
524.2270491316833,97.19509327168367,50.664888313739134,20060410_40165_0200_PP,Messidor,val
363.0589257891304,75.65985730229592,39.45756694396907,20051116_54839_0400_PP,Messidor,val
394.9982150994158,81.97947225765306,40.80509698823098,0851d6a69589,APTOS,val
395.0917632175653,86.05036272321429,45.03773700544773,73d40ce06a67,APTOS,val
242.03504925417633,89.70434072066327,38.84494696389135,IDRiD_027_train,IDRiD,val
322.4356349768712,83.10233976403062,41.117480850017124,IM000546,Messidor,val
351.53473162224066,79.33195153061224,40.27060763672836,IM001681,Messidor,val
455.88429948519985,79.25886878188776,42.21478816849199,4a1afe4044f4,APTOS,val
375.17153362471174,74.50862962372449,42.404365188140545,96ea316ed0ab,APTOS,val
713.0870860936691,99.61419802295919,55.51337071437616,ad029ba7fa8b,APTOS,val
374.79821459227236,92.67837213010205,46.01364636165501,f00ce9b9d6f4,APTOS,val
609.6951817850528,117.38881138392857,48.05478654141162,IDRiD_335_train,IDRiD,val
356.05266023824134,95.31987404336735,39.829421448604585,IDRiD_177_train,IDRiD,val
415.8337383210684,104.55743781887755,41.80260801665251,IDRiD_402_train,IDRiD,val
496.61094569564113,89.66788903061224,44.92203060150649,207dd0487264,APTOS,val
409.92828537830957,77.75115593112245,41.55031587678988,20051117_37185_0400_PP,Messidor,val
209.584882482396,81.16531808035714,37.05198729577451,IDRiD_091_test,IDRiD,val
327.12729475687865,76.84476642219387,39.639848634449734,IM000197,Messidor,val
368.2259490340017,73.25854990433673,36.88393203827183,IM002202,Messidor,val
234.90144377020883,100.2894212372449,38.0851155294066,IDRiD_045_test,IDRiD,val
241.016592042042,57.96739477040816,29.786273874471505,20051208_42322_0400_PP,Messidor,val
227.56679162180757,68.38167649872449,34.322308733259604,IM000123,Messidor,val
374.6519752476226,90.0316087372449,44.150955563421725,ec01f0862669,APTOS,val
425.2586902013077,76.87830835459184,41.87913829089402,20051201_38475_0400_PP,Messidor,val
224.221538932956,68.09978874362245,34.671236120356795,IM000937,Messidor,val
156.4176300788412,61.59697863520408,31.512914456493437,6b07971c3bf6,APTOS,val
274.763885046829,80.34207589285714,42.33893564236616,IM000079,Messidor,val
239.32799596401222,79.21797273596938,39.09317240479228,IM000145,Messidor,val
435.22625767017894,89.78683035714286,45.51577293081024,2c9dfc270f1b,APTOS,val
309.40483369553203,82.92123724489795,43.14264019428471,20051130_54030_0400_PP,Messidor,val
380.0735651323668,86.70137117346938,44.084927745274896,8ed586c43023,APTOS,val
409.6755264449845,72.87832828443878,40.4668694884017,IM004035,Messidor,val
502.3080891978985,85.48887914540816,43.787851199603686,20051202_37199_0400_PP,Messidor,val
450.83588086858686,97.09905133928571,50.06176464840495,20060523_43267_0100_PP,Messidor,val
283.01779150019485,81.86758609693878,34.33975414827381,IDRiD_072_train,IDRiD,val
277.48105691522915,104.29506138392857,40.89215694001736,IDRiD_036_test,IDRiD,val
94.26417332060979,65.46446508290816,31.635878609494434,6fbaaf8eb67a,APTOS,val
460.69213590101623,74.8779296875,39.95099669925084,IM001765,Messidor,val
164.52440141410145,55.99820631377551,28.8722790037334,9039cbfcbb2f,APTOS,val
434.1797989047304,70.50340800382654,38.66122190600825,IM003331,Messidor,val
424.03356833142175,112.03200733418367,47.01145372835228,IDRiD_078_train,IDRiD,val
298.2517131533736,59.09849330357143,32.738552865268936,IM000554,Messidor,val
255.86735565808354,66.8354193239796,35.56786976513567,9f1b14dfa14c,APTOS,val
331.1433037452428,72.79143415178571,36.38358850585995,IM000206,Messidor,val
315.4402344309256,87.80028300382654,44.39828444602635,IM002268,Messidor,val
225.38190060781963,72.71701610331633,41.49377491645011,240b25a7debe,APTOS,val
515.5748968060838,84.07732780612245,42.8472588974808,9fab29e69a6b,APTOS,val
502.36182564946324,68.5169602997449,43.6840669285686,bf6cbccacf39,APTOS,val
355.1806257054091,75.85367506377551,40.976532860443896,13c191b59ed0,APTOS,val
479.4510534712296,78.2969746492347,40.339081614677596,20051020_64570_0100_PP,Messidor,val
284.5592520573595,87.05428890306122,32.98731738410534,1c5e6cdc7ee1,APTOS,val
390.19545901194067,83.85072544642857,42.71626630639289,82ac8463fadd,APTOS,val
479.0677248797086,106.15549266581633,55.22661072789151,20060530_53421_0100_PP,Messidor,val
398.7848043493408,98.56770169005102,49.346274907886766,8ead8f37423c,APTOS,val
295.266443888876,88.28374123086735,39.204019505786384,IDRiD_069_train,IDRiD,val
578.2160411768781,82.19242267219387,44.94207163755554,94b9ccc73bb9,APTOS,val
436.97333901527276,104.7670599489796,52.296205638045215,5bf6f2958e53,APTOS,val
373.8964703741396,67.90445631377551,34.82193050335598,IM002321,Messidor,val
299.68210322496446,84.28950095663265,45.66783980632553,f952ad2e4356,APTOS,val
184.0653664137313,94.22437021683673,38.82445684693964,IDRiD_098_train,IDRiD,val
529.9335698827214,111.82091039540816,56.47144525405645,20060412_57846_0200_PP,Messidor,val
426.1077268219948,71.00516183035714,39.48737751183782,20051214_51178_0100_PP,Messidor,val
287.2560664013692,72.68375318877551,36.084251112144315,IM001422,Messidor,val
262.41587637941427,74.95180963010205,38.877670757847575,20051205_35417_0400_PP,Messidor,val
282.7104275078637,89.23808195153062,43.1114621869297,f361060eda3e,APTOS,val
540.4512329097591,91.56851881377551,46.705793761852604,75a071608ea6,APTOS,val
281.0861444084012,66.54452327806122,34.93758571891433,IM001454,Messidor,val
234.34650000747368,78.74882413903062,36.76152372694047,fb61230b99dd,APTOS,val
428.7437793262201,75.51018415178571,39.523598163382104,20051110_37992_0400_PP,Messidor,val
374.07099986205446,75.71775350765306,41.68677590386901,IM003467,Messidor,val
323.97910918260004,62.314094387755105,35.75233070497684,IM004646,Messidor,val
396.7306975857609,80.52726403061224,40.255905907523555,9859e2a6cc24,APTOS,val
379.3543938629233,97.02469308035714,47.386052656803614,fa573163dd8b,APTOS,val
290.0411864105536,97.97423070790816,49.99190178366304,20060411_58392_0200_PP,Messidor,val
240.58791084678805,70.76833545918367,36.677138311440665,IM001095,Messidor,val
324.0343981178439,74.98716517857143,38.67161151847342,20051021_39552_0100_PP,Messidor,val
605.8967262146524,97.32097018494898,51.16527960791317,20060412_61615_0200_PP,Messidor,val
365.07867159003365,75.56810028698979,40.657631444602075,20051130_53623_0400_PP,Messidor,val
395.4946636817993,90.10505022321429,44.97322033033047,d6b109c82067,APTOS,val
227.02486380434493,73.21263153698979,36.0129084714509,IM000371,Messidor,val
398.8131548823143,90.99790736607143,44.69004532414002,0232dfea7547,APTOS,val
425.8836941061691,84.10275829081633,46.46690728830897,6bf2a81a5d91,APTOS,val
586.218862708734,102.33396444515306,52.57915042208073,20060407_40937_0200_PP,Messidor,val
250.29545081629945,79.78712930484694,38.776407262743874,4350a1b2f3cb,APTOS,val
397.6420127426967,86.89190051020408,43.1977517044485,09237bf783a4,APTOS,val
177.9078076802309,106.9339524872449,39.78656613728392,IDRiD_036_train,IDRiD,val
367.0438683385504,86.35188137755102,33.3102842904243,059bc89df7f4,APTOS,val
439.51337312430644,96.87187101403062,49.30150846395446,571bbdbf585e,APTOS,val
298.7579225490909,82.72207828443878,49.18010962604667,20051202_55742_0400_PP,Messidor,val
288.84295061358506,89.97801737882654,36.31770286180692,175dd560810a,APTOS,val
303.0245624206206,88.58549904336735,44.2323652618875,abe940882578,APTOS,val
545.9592041049783,107.68676259566327,56.26171112635586,20051212_41144_0400_PP,Messidor,val
301.3630569820253,99.19220344387755,40.959116719800775,8aab201c0691,APTOS,val
618.5094455018335,66.04902742346938,38.60319856467846,IM004052,Messidor,val
311.645718696464,65.45545679209184,33.61985857945612,20051205_59367_0400_PP,Messidor,val
383.6592074687756,82.48162468112245,43.09270017894507,20051110_38156_0400_PP,Messidor,val
502.3561305133862,88.37125318877551,46.275089352728294,20060412_63009_0200_PP,Messidor,val
356.32727502277123,61.59907126913265,32.30633141784364,8688f3d0fcaf,APTOS,val
232.28124079610944,79.6225884885204,39.18510757184513,IM001168,Messidor,val
167.73444050245115,58.86409837372449,28.24488207616913,ed648b9bcd95,APTOS,val
611.4387370704959,85.66639429209184,44.501117126464756,20060529_56338_0100_PP,Messidor,val
628.7482623851384,103.57778619260205,45.6352191869324,IDRiD_268_train,IDRiD,val
215.8116268728336,70.77491230867346,36.14275674581043,f8f5942b690e,APTOS,val
723.7576683323267,91.60008769132654,48.9477761774925,20060407_42308_0200_PP,Messidor,val
330.29956155734874,69.31814014668367,36.1553056274831,IM001415,Messidor,val
349.92591251903946,83.99579480229592,41.71554942451947,caec68f11c86,APTOS,val
358.69238656841185,79.00912786989795,41.73989776315857,b9d0b83d70c3,APTOS,val
440.7754068672533,87.10827885841837,45.563019369608284,IM002908,Messidor,val
296.4060116298792,61.342653858418366,32.10492607908902,IM002614,Messidor,val
454.9678079933983,87.93692203443878,45.545101307974704,20051201_38246_0400_PP,Messidor,val
145.85635095077572,66.99880420918367,33.24835819809083,5264a54e1830,APTOS,val
336.4730406331798,71.52614795918367,37.54281242721361,d4be0403e6ab,APTOS,val
383.2056913868381,77.84797512755102,40.83521659776175,IM001460,Messidor,val
322.17139138980787,81.66368383290816,40.69740644801817,IM000057,Messidor,val
563.8180959765884,92.14333545918367,48.23447310745494,20051216_44420_0200_PP,Messidor,val
221.74264913874333,74.74617346938776,38.09293128559539,IM002975,Messidor,val
296.84861521460715,92.99657206632654,39.099026139703916,IDRiD_010_train,IDRiD,val
243.85314756430768,79.85953443877551,39.195718244947805,IDRiD_390_train,IDRiD,val
386.0131890556307,67.60702327806122,36.64565354701497,20051020_43832_0100_PP,Messidor,val
548.2937365575216,97.87920519770408,50.157365733724546,20060410_39500_0200_PP,Messidor,test
558.1502261557017,91.61381935586735,46.492366022894345,68ddb15a74de,APTOS,test
396.61677394137683,95.22612404336735,41.260231897319514,IDRiD_348_train,IDRiD,test
566.4503284916685,96.57674984056122,50.09595075109216,20060412_59012_0200_PP,Messidor,test
316.64537184817345,92.52925701530613,34.18011460759428,19113e5f45ec,APTOS,test
393.38799741237375,91.30275430484694,45.141436835596764,bd500a73beae,APTOS,test
459.20325740343924,88.57352120535714,45.42332172457897,IM002909,Messidor,test
442.03941153884176,102.33187181122449,37.27333807586532,19722bff5a09,APTOS,test
1258.3459496790047,99.57987882653062,53.73805964715258,20060529_56834_0100_PP,Messidor,test
527.8477191055183,88.64022640306122,45.77406443205436,5b3d41626ec5,APTOS,test
411.65580112365126,88.33759167729592,45.31310004321612,83a63c4a3e4a,APTOS,test
514.569796764369,107.25358737244898,55.080688825165744,20060411_61869_0200_PP,Messidor,test
357.59796090425925,85.75739397321429,44.02698936274947,5a0fe0ee4301,APTOS,test
594.2725577841,96.29432397959184,50.435331709224705,20060530_53271_0100_PP,Messidor,test
435.6982834703572,109.97110172193878,44.67795631318871,IDRiD_375_train,IDRiD,test
448.59001546976515,66.29444355867346,36.35912056603052,20051214_56944_0100_PP,Messidor,test
259.2950672334753,77.24390146683673,41.191276308199704,IM000923,Messidor,test
370.2921986287954,65.81305803571429,35.591871816088954,20051020_57967_0100_PP,Messidor,test
325.55899894997157,95.2719427614796,45.43305267765136,1d37f1c8b6d8,APTOS,test
193.3360417436332,61.562918526785715,32.827680333918295,IM004005,Messidor,test
754.2011522752251,95.4153977997449,50.13854825102401,20060412_58723_0200_PP,Messidor,test
368.96405204024626,88.96613919005102,36.8703028697491,IDRiD_029_train,IDRiD,test
403.4522297186735,79.89512914540816,41.69281735508368,IM003603,Messidor,test
745.0920382129902,99.70978156887755,46.00455457622794,IDRiD_229_train,IDRiD,test
812.3376610309866,119.05297353316327,29.643143284827005,188a9323be03,APTOS,test
356.0690081622987,87.3707350127551,37.983518529917184,IDRiD_338_train,IDRiD,test
275.7293835738856,71.78944116709184,38.26981072471068,20051130_54846_0400_PP,Messidor,test
217.56104135890646,79.07085060586735,30.07738515393294,07d8db76b301,APTOS,test
306.5950898691199,108.33458227040816,42.657124167064154,IDRiD_364_train,IDRiD,test
435.40877924398404,85.08187181122449,42.85852854684123,6f0e5848d9ce,APTOS,test
128.2121145140375,73.21159518494898,27.588387241900964,0e82bcacc475,APTOS,test
239.42632344820657,86.5620416135204,35.68546796740205,IDRiD_125_train,IDRiD,test
545.8699895750726,88.33950494260205,45.70314185053387,20051020_57622_0100_PP,Messidor,test
123.73589027171232,63.311603156887756,24.857698916130907,0fb560f9adb2,APTOS,test
473.5902284668268,86.43536750637755,45.524460355826704,IM001688,Messidor,test
390.80245671039916,76.88614078443878,39.122519329667476,IM001308,Messidor,test
249.5153761211905,93.74996014030613,38.20658274122984,IDRiD_065_train,IDRiD,test
412.80427314062405,70.38897082270408,38.19909981154131,IM003811,Messidor,test
428.4066447389469,89.30104033801021,46.34877581947138,20060530_55724_0100_PP,Messidor,test
288.04465451214725,65.78557477678571,36.494373342952784,IM002895,Messidor,test
430.8984902603136,78.40170599489795,38.489618311342696,IDRiD_346_train,IDRiD,test
428.58266391936866,91.78459821428571,47.247185682078815,58a9e0d7f7af,APTOS,test
435.19787062391146,82.07706871811224,40.70473410027595,a2811f512c1c,APTOS,test
675.3755545622108,89.57186702806122,46.64262402509752,d30d079e6f9a,APTOS,test
348.1532649572865,85.05127949617346,43.40569627853874,IM001252,Messidor,test
288.84555687282744,74.89331552933673,36.95034672863465,IM001629,Messidor,test
515.4690124209053,91.8940728635204,47.35648381432904,52ddde91a349,APTOS,test
433.1968139940776,90.10499043367346,33.74555753972662,1ade1e949383,APTOS,test
637.4897099037757,81.83127391581633,47.73053397631466,1db0393cdbc1,APTOS,test
489.53485049550005,87.38823341836735,44.719114159133994,81914ceb4e74,APTOS,test
235.3478562344317,76.16605548469387,41.666953013241034,dee1031a76ae,APTOS,test
372.191045106922,95.58430325255102,47.55887810811916,f994a3b07935,APTOS,test
230.29398330337352,75.9794921875,38.89605095845907,0ada12c0e78f,APTOS,test
416.5382951230418,87.36232461734694,43.157003647801574,ae49cc60f251,APTOS,test
314.1112702674341,75.77628746811224,40.79854411502796,73a07e2ea23e,APTOS,test
508.9773303230123,84.14329559948979,45.080071482627666,20060529_57351_0100_PP,Messidor,test
362.5572702291856,78.85132334183673,40.99859829340848,IM001139,Messidor,test
475.10584911035033,94.72173947704081,39.347082477932716,IDRiD_024_train,IDRiD,test
194.1488521973921,62.756816007653065,31.669179266854584,20051130_54595_0400_PP,Messidor,test
648.8946230632968,94.11258370535714,47.11391559002858,4d167ca69ea8,APTOS,test
422.5251221055043,84.97801737882654,42.01093027746943,8c29a76fa08c,APTOS,test
496.9058387018352,89.24073262117346,44.5376499587107,e1dc02a3dc2a,APTOS,test
352.69369497303165,86.52887834821429,43.39449864511517,9688c6ef5dc5,APTOS,test
267.13197311884363,72.35036670918367,37.08780436539937,20051116_54642_0400_PP,Messidor,test
687.8198680150812,94.30929129464286,49.32205632900288,20060410_41880_0200_PP,Messidor,test
504.199220408305,109.98927774234694,55.41109090574579,20060411_60028_0200_PP,Messidor,test
415.499850214744,102.5748365752551,52.00419640271453,20060412_59735_0200_PP,Messidor,test
431.9970265316595,86.39783960459184,42.4061046192721,dccdf750c962,APTOS,test
322.6336168081053,70.37248883928571,36.85957233684927,IM000212,Messidor,test
507.2663030199387,101.77543048469387,51.422995332377454,20060410_47331_0200_PP,Messidor,test
469.26222302366523,106.62958386479592,54.55750319113363,20060412_58054_0200_PP,Messidor,test
304.06637319312995,64.55299346301021,37.72124548179686,IM004169,Messidor,test
428.4281795264184,105.32485650510205,52.31045275062702,20060412_61222_0200_PP,Messidor,test
341.9191384321449,62.88394850127551,33.450301297450295,20051201_38164_0400_PP,Messidor,test
313.4462445504166,60.46627869897959,32.99259460997797,20060523_48425_0100_PP,Messidor,test
353.8157578166055,81.21942761479592,41.1904090142555,20051205_59858_0400_PP,Messidor,test
560.8578595940345,87.05036272321429,46.47816756345467,20051214_41490_0100_PP,Messidor,test
429.3971141412426,91.43241788903062,46.002830130802614,942f544c4e15,APTOS,test
377.83749545827004,83.40180564413265,41.335122581469484,b351ae99413a,APTOS,test
335.0215934549258,73.82748724489795,35.966973475603076,956765d5f46d,APTOS,test
507.0699540705842,104.87986288265306,53.7049578073891,20060412_59175_0200_PP,Messidor,test
402.0379131719104,84.2452168367347,41.39726891722476,f9d52509c571,APTOS,test
250.66837162874182,99.08673469387755,26.908303748820668,77543f66a84a,APTOS,test
255.27919215393388,64.36692841198979,32.95247702688778,20051214_42197_0100_PP,Messidor,test
293.8907003200138,82.7885443239796,40.77767095075437,IM000725,Messidor,test
454.8540797044912,101.34717793367346,49.420763585900744,4c17e85686f0,APTOS,test
629.7640236580884,68.91665338010205,38.038489546124794,IM003879,Messidor,test
577.2268707703571,102.43311543367346,45.61787614206125,11b5c77fbf79,APTOS,test
957.0347834769409,99.54703443877551,52.18824525137037,20060529_57174_0100_PP,Messidor,test
566.1774440433322,90.71245216836735,47.14257078086331,20060523_50342_0100_PP,Messidor,test
253.59867251331437,69.91739078443878,36.543883872917085,IM001514,Messidor,test
232.73780337694734,61.25854990433673,32.90236746920113,IM002703,Messidor,test
715.8577685056255,97.29709422831633,50.311363558343935,20060411_58051_0200_PP,Messidor,test
423.9762502556689,86.52608816964286,43.76304102524529,ea68b58a6e8f,APTOS,test
338.4623911332111,75.03497688137755,33.996146174395726,IDRiD_175_train,IDRiD,test
210.997242359557,79.76275510204081,43.987985607490835,f0e1201b5c1f,APTOS,test
494.53141951451744,88.20031489158163,45.671573769364315,20060530_51254_0100_PP,Messidor,test
536.4547438536123,95.26241629464286,49.50552484206749,20060412_59037_0200_PP,Messidor,test
176.11123223167715,68.07690927933673,35.100838760324706,IM004554,Messidor,test
361.4454699416599,79.70406170280613,36.02505268120635,IDRiD_140_train,IDRiD,test
265.28398129742425,69.56140385841837,33.582956208148445,20051116_55656_0400_PP,Messidor,test
256.97289300550773,68.5877909757653,34.83934500181208,IM001581,Messidor,test
502.16570733359134,73.90892059948979,38.55985528442188,IM000984,Messidor,test
366.52773267395645,104.54219148596938,51.909118413534515,8f10e41a2f02,APTOS,test
612.7877473648466,98.7640306122449,51.177284799813336,20060412_52587_0200_PP,Messidor,test
400.44918858791476,87.08137356505102,42.35852163267045,653534ded339,APTOS,test
308.1621980992817,64.2572943239796,27.76027842512646,03a7f4a5786f,APTOS,test
372.1595197846025,92.02098612882654,38.63948322654943,IDRiD_034_test,IDRiD,test
1117.1069814383313,132.7943040497449,69.73972858812022,20060410_39976_0200_PP,Messidor,test
490.88673978842877,100.16121253188776,50.518001721405206,20060411_51985_0200_PP,Messidor,test
323.1793947787843,76.5844427614796,40.88461156926935,20051130_59850_0400_PP,Messidor,test
335.6950464272489,96.00398596938776,47.309685453903114,a4ee03ecff60,APTOS,test
129.2034967256456,81.2758490114796,38.24092106581504,IDRiD_007_train,IDRiD,test
434.67557696906897,82.29181281887755,41.44751512237561,389552047476,APTOS,test
498.68685075473115,78.82286352040816,41.23647051503676,20051130_55012_0400_PP,Messidor,test
313.2935176088333,78.91780931122449,40.56999981902488,IM002695,Messidor,test
256.4240717302011,85.22596460459184,43.54324368644655,IM002034,Messidor,test
374.11612278756775,70.23016980229592,36.03980026061634,20051021_59243_0100_PP,Messidor,test
239.45100894365547,75.07906170280613,38.12152913750429,IM000916,Messidor,test
374.582378497078,83.00528140943878,43.42198913722747,20051205_57879_0400_PP,Messidor,test
144.2215049005657,66.77355707908163,34.39390921112274,20051021_57975_0100_PP,Messidor,test
327.3432975933483,58.68181999362245,32.63923131390931,IM001539,Messidor,test
400.8938117255673,71.83332669005102,36.60804253878895,20051116_59168_0400_PP,Messidor,test
305.08318686971853,78.21346859056122,39.694572560478065,IM001582,Messidor,test
347.4489951938056,74.24418048469387,37.7167704504551,IM002356,Messidor,test
645.6050323361608,93.65336017219387,44.60640026883249,IDRiD_188_train,IDRiD,test
428.5101519183088,90.68433115433673,47.530324621579055,54cab3596214,APTOS,test
395.47282318113645,90.22680165816327,45.53701788162266,d38cf0f4a9af,APTOS,test
416.42614923681344,65.98602917729592,36.2238236788212,IM002894,Messidor,test
824.4735137795666,91.34681919642857,42.617956210646,IDRiD_198_train,IDRiD,test
443.2490230367264,94.42344945790816,50.16405801194956,20060407_46394_0200_PP,Messidor,test
531.5026520451421,85.21416613520408,44.841770375736814,20051214_50895_0100_PP,Messidor,test
480.70033807170637,83.12573740433673,44.1803225800219,20060523_48890_0100_PP,Messidor,test
564.3346528748779,83.75492267219387,46.682709608132456,f0a2dc580009,APTOS,test
592.5827310979986,107.58462213010205,44.966263106136594,IDRiD_207_train,IDRiD,test
126.8295268063146,79.08011798469387,33.53251744022415,IDRiD_052_train,IDRiD,test
326.7514200778565,60.79932637117347,31.245437299954002,IM000553,Messidor,test
827.9973982171882,107.50456393494898,41.37116051563328,0e75d51152fc,APTOS,test
587.2207500770756,86.85965401785714,45.02734555763898,20051214_56565_0100_PP,Messidor,test
527.9216482582713,104.96653778698979,53.763715327317946,20060410_41077_0200_PP,Messidor,test
563.3408042938696,110.6038743622449,56.38911238450448,20060411_60283_0200_PP,Messidor,test
430.58685391349434,66.1256178252551,36.6508823054138,IM003893,Messidor,test
267.12589941338575,62.46795280612245,33.05619311811417,IM001948,Messidor,test
506.889187111352,81.16206951530613,45.30309412640918,5b47043942f4,APTOS,test
402.8613466308893,91.95378268494898,45.59809273976744,6b66b0e86f7e,APTOS,test
536.2437152330302,98.67462531887755,51.87353082444297,20060410_40274_0200_PP,Messidor,test
300.84963545507316,73.02369658801021,37.685521327331905,20051116_43954_0400_PP,Messidor,test
343.2032422177348,77.01739875637755,35.252571227057125,07929d32b5b3,APTOS,test
422.20919548735327,75.10861766581633,39.7696256867782,20051205_58037_0400_PP,Messidor,test
488.0240209782834,89.89255819515306,45.53140993776232,165c548185f8,APTOS,test
428.9908964688557,85.50486288265306,35.95815311968056,IDRiD_339_train,IDRiD,test
378.16143852052767,77.43219866071429,40.57679472710147,20051116_54825_0400_PP,Messidor,test
216.4168096059365,86.853515625,35.45545982348442,14e3f84445f7,APTOS,test
496.84302477497,86.94116709183673,44.147100070333494,e0d229db881a,APTOS,test
429.369381700839,98.08191167091837,41.23023581070364,IDRiD_185_train,IDRiD,test
318.96457997146916,87.68732063137755,38.22772923928761,1a369baf9ee6,APTOS,test
178.18845165019133,61.891621492346935,33.79670469203182,18621b9ca978,APTOS,test
588.3109480994088,82.57629145408163,44.778906523872685,20051021_36380_0100_PP,Messidor,test
201.44209658747067,79.7493821747449,33.87984679232221,IDRiD_003_train,IDRiD,test
424.89654969990323,94.43724091198979,46.270018672378775,15c24478ac72,APTOS,test
448.4542697996262,81.93018574617346,42.33337742916957,20051205_60119_0400_PP,Messidor,test
375.131575581234,81.57194674744898,41.13567720094477,IM000768,Messidor,test
393.5479206163056,85.69044961734694,43.6207986689811,IM001245,Messidor,test
388.27720279209024,93.25261080994898,48.502088923080635,891329021e12,APTOS,test
481.0262091468643,79.4862284757653,43.63982311409275,81371b0c01ad,APTOS,test
412.2797164631009,78.69648836096938,42.67120024258611,242fc19be06f,APTOS,test
192.1409568866061,70.2120137117347,37.62922160609935,9f935fb38440,APTOS,test
314.8688649209724,76.64172114158163,38.05861154281654,IM001985,Messidor,test
298.8827770873439,84.1312181122449,40.55085906804576,a85cda5f725d,APTOS,test
760.2392586573419,92.06778140943878,42.7736049847449,IDRiD_312_train,IDRiD,test
418.91660469782846,86.12163185586735,42.30099686713208,bffca6eeb2bf,APTOS,test
335.99682428398904,66.00839046556122,34.18466830476003,IM001103,Messidor,test
340.3024635028958,77.51640226403062,39.64227962219511,20051201_37534_0400_PP,Messidor,test
417.5929769033792,86.81554926658163,43.268880597378015,f09fd9433dff,APTOS,test
392.4693448687533,61.34119897959184,33.48552443443558,bb08949dd70a,APTOS,test
336.7861550746983,77.51163903061224,38.50565738389788,IM001227,Messidor,test
664.5654410342781,93.97140066964286,49.55377211187664,20060407_39780_0200_PP,Messidor,test
240.55590818048466,71.39849728954081,35.41201692104823,IM000888,Messidor,test
190.7271357750406,82.62264827806122,48.52747305797239,a9b3177f01c0,APTOS,test
317.1040918456669,88.93193957270408,44.77593258998042,365f8c01d994,APTOS,test
155.95092470573417,86.9644850127551,32.063254205625455,IDRiD_031_train,IDRiD,test
320.0274816697362,72.52762276785714,28.51626920045464,0f495d87656a,APTOS,test
205.43327994348607,89.44844148596938,39.585904789235094,IDRiD_059_train,IDRiD,test
303.2113946011443,74.77654655612245,38.019371761579045,IM001124,Messidor,test
392.43205305081216,99.8989556760204,49.09787041218211,bc92a61a1f9c,APTOS,test
449.1821266116326,105.98943718112245,55.43909946990482,20060410_44364_0200_PP,Messidor,test
453.7608335746025,69.7552415497449,37.60471485214291,20051020_44261_0100_PP,Messidor,test
414.8339119414299,82.76753826530613,42.009295904707216,e067b06fd655,APTOS,test
571.4535751438101,85.71791294642857,44.28269074046467,eb050765b323,APTOS,test
409.51370562736514,88.61419802295919,43.68036405193427,c56293f53191,APTOS,test
408.8623500746124,86.89487005739795,42.556895261922,8b568d47a1fd,APTOS,test
225.53367156378678,83.25197305484694,45.376223073208514,c3789c1dab96,APTOS,test
378.3172432018886,77.56527024872449,41.05520696734297,IM001336,Messidor,test
319.4018348902775,112.41171077806122,45.26737568397697,IDRiD_013_train,IDRiD,test
603.3979489899634,98.0204081632653,51.07534776382485,20051216_46847_0200_PP,Messidor,test
218.73810944046792,82.4096978635204,33.225438807949246,135575dc57c9,APTOS,test
516.007627735829,72.18933354591837,39.94041453709669,20051214_42323_0100_PP,Messidor,test
371.34563747558525,89.73128587372449,44.4986424941442,e60e4edb3ca9,APTOS,test
820.3016122212662,92.21576052295919,50.3064211882204,20060412_61299_0200_PP,Messidor,test
321.61548977541656,85.0748365752551,43.69189837020544,IM001231,Messidor,test
290.80335212240414,87.18921396683673,43.660105258542366,b3f31c371e59,APTOS,test
316.0088315405284,77.0444036989796,39.065934305295976,a963ac561580,APTOS,test
243.4838736779191,63.91143176020408,34.070518505606564,537e5c578f40,APTOS,test
435.15120436737107,94.27094626913265,46.717179791857106,9ac41b9a809e,APTOS,test
308.48577265519,89.9423828125,38.087069316309545,IDRiD_028_train,IDRiD,test
661.5928549931377,96.44842155612245,49.97282674301191,969f92a390db,APTOS,test
338.8206027089333,85.84721779336735,44.0512208686752,ad20080452de,APTOS,test
280.581656204964,68.77666613520408,36.15498833653439,IM000299,Messidor,test
656.3355603057213,80.17558195153062,42.51241075990166,20051020_44714_0100_PP,Messidor,test
508.89491267365156,106.4469068877551,45.28241844556886,IDRiD_220_train,IDRiD,test
268.5229383831668,60.623943718112244,34.45360192298471,IM004036,Messidor,test
373.8573699913041,94.20894451530613,44.602369458608095,a56729de89e9,APTOS,test
209.60449685855787,89.87246890943878,45.370333634635465,fce73678f650,APTOS,test
540.6480684415443,113.90935905612245,48.520735709443024,IDRiD_060_train,IDRiD,test
771.7717198594715,95.580078125,50.33019998702263,20060411_58071_0200_PP,Messidor,test
434.32001360154857,85.61694834183673,42.61166811974845,0fe31196e0e8,APTOS,test
373.27460813025834,74.37318638392857,39.255205047802825,20051116_54587_0400_PP,Messidor,test
468.45768288441974,78.29057716836735,41.73064408166315,20051130_55004_0400_PP,Messidor,test
369.41143629422834,78.81248007015306,41.60953746198274,IM001088,Messidor,test
304.4414857406013,71.82419882015306,35.09918476831793,IDRiD_336_train,IDRiD,test
365.86881411487684,96.68453045280613,48.17894981429562,d667af5742f6,APTOS,test
161.0673176587894,60.82535475127551,31.200487109662408,eabc7c716255,APTOS,test
319.67166875809846,75.1976243622449,37.90998469413311,IM000012,Messidor,test
213.08572866717066,89.88502471301021,37.20297807164022,IDRiD_048_train,IDRiD,test
126.90013262650609,57.111746651785715,31.511163303148653,84b472c49cfa,APTOS,test
399.5790448091468,72.87679368622449,36.20297859088676,IM000834,Messidor,test
229.3857652806382,98.19453523596938,43.4101707407339,IDRiD_033_train,IDRiD,test
262.80182618749285,59.18901466836735,33.76690200146544,e2ec22b3d07e,APTOS,test
543.2916017089075,74.87707270408163,42.32297592306701,cf8f1bc7a215,APTOS,test
483.2777727084178,88.20906409438776,41.20388165735128,IDRiD_194_train,IDRiD,test
391.1966413965031,88.89279735331633,44.3682856278046,d16e59a2b33a,APTOS,test
344.32344144624955,97.75081712372449,49.185768522464365,20051216_45899_0200_PP,Messidor,test
562.4137658683621,87.75699537627551,50.84390307757939,IM002441,Messidor,test
618.0733612323492,89.24992028061224,49.518102653749956,d7ab5c040294,APTOS,test
446.0961176158487,87.56744260204081,44.67920747195456,7ae69d22075a,APTOS,test
525.2001758398288,98.12675382653062,54.617337616847124,18cde9649e90,APTOS,test
358.03409636115,98.10668447066327,52.138744700465324,20060523_45467_0100_PP,Messidor,test
306.67420047345337,96.11350047831633,39.153468213658975,IDRiD_334_train,IDRiD,test
274.52324684298765,70.80315290178571,31.32563510870206,IDRiD_152_train,IDRiD,test
76.10724952527754,63.71801259566327,22.598960890426127,0415fc68b176,APTOS,test
190.13915183692117,75.03244579081633,41.957251304948194,20051202_55735_0400_PP,Messidor,test
370.131354992909,77.51130022321429,39.941849171337495,20051020_44349_0100_PP,Messidor,test
404.4576915532835,87.12820870535714,43.12165217183991,a2d349f567a6,APTOS,test
543.2023818871221,88.64785953443878,46.45570228717138,20060523_50539_0100_PP,Messidor,test
369.9066087372449,77.89048549107143,39.81447008834158,IM002456,Messidor,test
469.0283310384563,83.00123565051021,43.91793840974259,20051214_51921_0100_PP,Messidor,test
586.8873535145924,99.02469308035714,43.098154726088616,IDRiD_080_test,IDRiD,test
352.8213866526562,94.84671954719387,46.04408668360718,d97911a32918,APTOS,test
515.0826807478873,84.87689333545919,43.21735585549777,922586d86cd8,APTOS,test
228.33542399503744,84.10971380739795,40.22441903655254,5d74f98d62be,APTOS,test
373.9713435476891,65.19505341198979,34.29057234353691,IM002853,Messidor,test
311.8626430881664,96.49083227040816,47.890290730440356,20060411_61494_0200_PP,Messidor,test
661.9492141420968,86.2240911989796,39.760718134912096,IDRiD_260_train,IDRiD,test
660.2253460612013,99.7807916135204,45.71879292245819,IDRiD_275_train,IDRiD,test
440.8987157357728,77.65015146683673,39.921435809929136,IM002658,Messidor,test
387.001419203622,75.19198421556122,38.73880774015351,20051116_44804_0400_PP,Messidor,test
532.651695871095,96.53296396683673,49.79431895675134,20060407_44529_0200_PP,Messidor,test
286.38681696931906,73.70894451530613,38.31350380758073,IM000198,Messidor,test
308.94282250481814,82.20802774234694,42.88573697482918,20060523_48136_0100_PP,Messidor,test
363.1285713569962,115.75701530612245,46.362460987265166,IDRiD_214_train,IDRiD,test
360.16529735253783,79.5721659757653,32.455283665359985,115e42dd6a81,APTOS,test
527.9205994703332,92.41202965561224,47.644137951236644,20060411_58238_0200_PP,Messidor,test
433.8607710997595,68.28625239158163,37.69227269635008,20051130_58716_0400_PP,Messidor,test
535.8511666469105,95.91434151785714,42.47489641624645,IDRiD_309_train,IDRiD,test
529.6571665691962,104.54181281887755,53.99640665391648,20060411_61060_0200_PP,Messidor,test
404.8729244233766,69.9755859375,35.57138349510528,IM001181,Messidor,test
648.0433470862253,76.1919244260204,40.048278762656345,20051212_36548_0400_PP,Messidor,test
288.149641110469,73.46320950255102,41.534712420727836,4dd14c380696,APTOS,test
289.8132704957631,77.92891023596938,40.05790646293381,20051201_37557_0400_PP,Messidor,test
514.3279445410668,92.28348214285714,46.54812683713062,bdf47b9f10c4,APTOS,test
368.74880513982043,80.57003348214286,39.835900813078645,7e77b61e1639,APTOS,test
278.3756874871721,86.37418287627551,45.12953686871882,IM001752,Messidor,test
470.7254749851791,94.55666055484694,48.65661207193499,3cd9713c0ecb,APTOS,test
484.0251850980562,77.61330117984694,40.63171743000821,IM003856,Messidor,test
224.436012331221,81.31955516581633,28.739272709100366,12e3f5f2cb17,APTOS,test
271.89436199842817,81.20286591198979,43.594482161369065,06be1092a062,APTOS,test
373.45602013398485,89.66491948341837,45.11270415788039,c98f623d08d1,APTOS,test
314.41373045411717,75.25862962372449,38.13218367713636,IM000500,Messidor,test
349.3364189045472,92.28105070153062,44.13591605571531,28503940d10b,APTOS,test
389.0588619322739,87.24430006377551,32.049808078984775,1c0cf251b426,APTOS,test
474.8173238582682,101.8221659757653,51.70397879014746,20060407_44866_0200_PP,Messidor,test
218.67372289234177,78.0130540497449,35.523602131349634,IDRiD_397_train,IDRiD,test
430.80376238268843,82.04027822066327,41.75208735409367,359bab5d784b,APTOS,test
384.8177814094387,71.92173549107143,37.256411683907174,20051116_59150_0400_PP,Messidor,test
424.4840197958384,99.60293765943878,41.65270926260139,IDRiD_208_train,IDRiD,test
236.36946376330255,81.24015465561224,41.994489542714085,20051214_57230_0100_PP,Messidor,test
407.0592538558757,67.03025350765306,38.18587167400184,IM004811,Messidor,test
607.7198079751462,94.46908880739795,48.58106277071185,20060411_61478_0200_PP,Messidor,test
438.25163687491903,89.1034159757653,43.89190778500212,93a1b984de84,APTOS,test
280.1188513653718,78.57625159438776,34.86542957767306,13d71389563f,APTOS,test
296.4366020475115,102.56746253188776,42.369287483149286,18ce0cdc473d,APTOS,test
375.38111153427434,91.84378985969387,41.39217238185264,IDRiD_377_train,IDRiD,test
308.59726321344726,67.91635443239795,37.667877295933735,360832d84ce0,APTOS,test
245.73891028420516,92.92954799107143,38.34871474814496,IDRiD_081_test,IDRiD,test
183.84419414928587,89.12121332908163,38.563454755253524,IDRiD_095_test,IDRiD,test
366.8335979545876,78.88044084821429,40.76976653470281,IM003431,Messidor,test
274.83163572737993,98.55137914540816,50.68328315940148,20060523_48161_0100_PP,Messidor,test
398.7045988935274,86.27564971301021,43.47434672904937,2408799a09b2,APTOS,test
699.0051896644602,91.11009247448979,49.00970077721411,b21abe5d9722,APTOS,test
243.9096866529815,77.71486367984694,39.86381661423256,20051202_56028_0400_PP,Messidor,test
431.2852290640866,77.77146444515306,41.31932572716264,IM002938,Messidor,test
270.238397878689,81.59568319515306,41.100334990989715,IM000122,Messidor,test
467.824178076843,90.21524234693878,37.23129425384334,IDRiD_078_test,IDRiD,test
401.84287633899856,72.32463727678571,37.63691178848207,IM000161,Messidor,test
366.3164458284771,69.11804448341837,36.34130605522701,IM003595,Messidor,test
571.2901231220791,70.31363600127551,39.847450385953174,IM003214,Messidor,test
595.9256538854247,94.60764110331633,48.988526514259284,20060411_58891_0200_PP,Messidor,test
629.199176856251,97.48028938137755,50.32555376872935,20051216_47514_0200_PP,Messidor,test
304.4066137415525,84.4457708864796,42.919657354827486,20051201_37390_0400_PP,Messidor,test
74.46019057520526,107.9892578125,57.044322343370304,IDRiD_081_train,IDRiD,test
290.6720197928642,70.97319435586735,38.15313473071573,20051130_54802_0400_PP,Messidor,test
581.5414705288406,100.93181999362245,44.241898903038496,IDRiD_202_train,IDRiD,test
497.6099324001962,86.48604910714286,44.466483342308194,a654b25124c3,APTOS,test
321.2591543821234,76.41258769132654,39.25077703028501,20051208_42546_0400_PP,Messidor,test
478.02097736463503,93.39524872448979,39.98939627151272,IDRiD_023_train,IDRiD,test
319.9912407429007,82.99689094387755,43.39434693829505,20051205_35408_0400_PP,Messidor,test
581.4925974182962,85.69098772321429,45.0883105810062,20051216_45351_0200_PP,Messidor,test
457.76447122924174,91.15692761479592,44.56022896865568,6180920bc224,APTOS,test
236.4049886360311,55.61288265306123,32.781196995350314,5a93c0f783c4,APTOS,test
433.812096531418,91.09829400510205,37.56698609358899,IDRiD_055_test,IDRiD,test
326.3925368163249,74.29223134566327,39.95415102224315,IM003323,Messidor,test
275.3541537546605,87.65505420918367,37.41420875211457,IDRiD_064_train,IDRiD,test
459.4051004606006,85.5112603635204,42.61616908480181,150f92b45349,APTOS,test
784.4965108432951,97.6957708864796,45.456499055834335,IDRiD_264_train,IDRiD,test
413.06126648324175,104.52331792091837,28.747818627743666,1dbdc32c17db,APTOS,test
559.8911995810302,89.5610650510204,46.70157137087064,20051214_51342_0100_PP,Messidor,test
193.46530585386316,98.36535395408163,38.773799043342954,IDRiD_005_train,IDRiD,test
564.9873699929406,91.50039859693878,48.93765801151854,20060410_44504_0200_PP,Messidor,test
206.00470150554742,62.88544323979592,35.75475985815032,2a7373eeb352,APTOS,test
532.8335760101484,95.1694634885204,49.97225754031734,20060522_45402_0100_PP,Messidor,test
331.8956490559957,79.96043925382654,41.30861647549523,IM001805,Messidor,test
531.2831891944436,107.8438496492347,46.146975617235206,IDRiD_304_train,IDRiD,test
282.16651286030253,80.68799824617346,44.14887426585868,de18071c36e6,APTOS,test
429.31277928119994,90.68534757653062,45.12013801864742,462937ece243,APTOS,test
482.22110279238956,83.03103077168367,34.689323783724525,03e25101e8e8,APTOS,test
190.88896405443654,77.56309789540816,39.46804488602118,20051202_56050_0400_PP,Messidor,test
400.7882740254305,80.38093909438776,47.08401841116688,2cdcc910778d,APTOS,test
366.3526865563161,91.57957987882654,46.277520045462595,b8e9a8f4617d,APTOS,test
290.6086246020989,64.11537388392857,29.31359568786037,034cb07a550f,APTOS,test
467.9307417573655,87.70655293367346,45.634833754114766,04579e31e4be,APTOS,test
216.2890919101879,78.44718590561224,37.25947524788781,IDRiD_389_train,IDRiD,test
499.818132694837,89.56144371811224,48.49849323270749,20060411_62319_0200_PP,Messidor,test
354.445287636944,90.9457708864796,50.11077283003017,aebe87a423c8,APTOS,test
324.8741666797001,100.25769292091837,26.967028460958037,810d3779abd9,APTOS,test
387.2857292315107,82.56289859693878,43.49346011144069,IM000813,Messidor,test
621.727736122357,84.43393255739795,44.96559878249747,20051020_56791_0100_PP,Messidor,test
325.6776556974647,79.38881138392857,31.047836409343404,1844a039b4ea,APTOS,test
469.223760526213,88.31855867346938,44.61757412591771,b5b913358b32,APTOS,test
393.35209184683947,90.1885762117347,45.56524727077152,19b0e3c734f5,APTOS,test
605.7292347355517,75.73726482780613,41.53408605678479,20051020_64249_0100_PP,Messidor,test
680.1066370340051,101.47084263392857,52.9360169054812,20060412_57952_0200_PP,Messidor,test
373.1473372843503,88.37131297831633,44.60663643750554,5c85d22bd0de,APTOS,test
260.4551631763844,86.51040338010205,45.79900826820724,0db1d8dcf219,APTOS,test
388.4875850891978,78.50552056760205,40.803010817597595,20051130_60066_0400_PP,Messidor,test
473.5835625165108,78.46205357142857,42.417404488764475,20051020_63269_0100_PP,Messidor,test
366.8552772668142,96.84285315688776,47.89082800901267,6a905a7202d2,APTOS,test
432.51567474676636,88.68957270408163,43.32935047853127,9c893e16c055,APTOS,test
414.45074203877283,104.78774713010205,39.6025000466348,15f440753916,APTOS,test
468.9478566595933,90.79621731505102,46.22968892685957,ffd97f8cd5aa,APTOS,test
389.7502188974497,92.66563695790816,46.98537672108913,20051130_54077_0400_PP,Messidor,test
312.5203471773617,81.2965162627551,40.46193490972824,IM000668,Messidor,test
290.37075178884356,78.93672273596938,32.74428833644199,IDRiD_066_test,IDRiD,test
180.61130401304692,76.2635722257653,34.7971416153525,08c17a2d95b7,APTOS,test
384.57279508782153,88.9296875,46.396731428097574,20051202_55582_0400_PP,Messidor,test
410.5014812083405,91.07655054209184,45.80245294368674,a987aa7aac37,APTOS,test
338.91331315070374,83.73565051020408,36.13301785128281,857230f64a2e,APTOS,test
626.6451091901405,89.17026068239795,45.49030352617298,d5b4705ac2ee,APTOS,test
572.0889466256709,100.1751634247449,52.02515065231243,20060411_58808_0200_PP,Messidor,test
719.6944070758047,96.64162149234694,44.78467421737002,IDRiD_295_train,IDRiD,test
242.10985381044185,84.76546556122449,41.36476526922582,21037f5c7790,APTOS,test
443.96966748116466,89.50065768494898,45.1038395841276,3f6c627e2ff2,APTOS,test
886.1392866736003,109.17966757015306,59.54605450539859,20060411_59812_0200_PP,Messidor,test
199.63484314509796,66.7314453125,37.25004393273639,IDRiD_146_train,IDRiD,test
667.1925013902434,85.23704559948979,45.001138772536514,20060523_49875_0100_PP,Messidor,test
294.87000665779857,91.96560108418367,45.81263195061654,384db24ebbd7,APTOS,test
505.47186884151193,97.05261479591837,50.553586625617996,20060412_52038_0200_PP,Messidor,test
415.5083013262068,85.94170519770408,42.48093962402138,10f6ef37fe43,APTOS,test
410.9636499149906,100.01861447704081,49.32521074764622,0d744aed4d64,APTOS,test
439.79904235139185,89.59825414540816,46.06043127481982,75369248dba0,APTOS,test
279.29909935776067,74.79743303571429,38.265297620956616,IM002732,Messidor,test
285.766021925129,82.43484933035714,33.75095928296479,144b01e7b993,APTOS,test
229.72766292338468,88.14162149234694,37.70769218842337,IDRiD_119_train,IDRiD,test
343.2713492062627,86.21131616709184,43.76314407478551,98e44127872f,APTOS,test
585.7381248474121,82.09446747448979,48.92117918288267,178412895d5e,APTOS,test
618.6508329948352,102.54773198341837,53.33122108350087,20060407_39546_0200_PP,Messidor,test
457.91307759275037,101.1078802614796,51.861478414352945,20060412_59242_0200_PP,Messidor,test
973.2203474028911,97.73158482142857,52.50293605590922,20060407_44400_0200_PP,Messidor,test
447.41307942979495,105.61407844387755,53.5271489277463,20060410_47042_0200_PP,Messidor,test
375.74325245313474,72.91260762117346,38.44771200219202,IM003359,Messidor,test
333.56142811574625,90.50607860331633,46.58900768933163,IM002269,Messidor,test
669.7694635021838,74.14066485969387,40.98216989266837,IM004645,Messidor,test
559.6015298435063,101.38468590561224,42.25122520616876,IDRiD_063_test,IDRiD,test
389.49841682119495,81.03878348214286,40.78348221062255,80e6e425f966,APTOS,test
438.9148086236448,75.89477040816327,41.55563382841081,20060522_45853_0100_PP,Messidor,test
444.53517489451167,80.85782047193878,42.73949432578896,20060523_45787_0100_PP,Messidor,test
375.16770512399347,107.38410794005102,54.86732208408207,20060407_43258_0200_PP,Messidor,test
905.6079266034579,87.29992426658163,47.101020870954606,20060522_45777_0100_PP,Messidor,test
414.301191053903,88.70244738520408,44.58053183786091,cb2f3c5d71a7,APTOS,test
483.010288713178,79.9466477997449,40.57955517834782,IM000859,Messidor,test
542.3916144619283,96.21900908801021,40.533167475534476,IDRiD_012_test,IDRiD,test
369.7603829354854,109.31166294642857,45.1675276360262,bcc762618e7d,APTOS,test
273.1453854307837,74.71330915178571,38.80458809113429,IM000924,Messidor,test
432.4951037776714,79.95928332270408,41.03756460490723,20051130_59793_0400_PP,Messidor,test
433.2544591745601,93.48788265306122,38.223321338909784,IDRiD_103_test,IDRiD,test
791.0351305714948,92.01277503188776,48.750365238363244,20060407_42290_0200_PP,Messidor,test
259.6711270710867,74.63347018494898,38.32999633530274,97fdee242fea,APTOS,test
371.2633464257948,98.05125956632654,38.26051165679862,IDRiD_131_train,IDRiD,test
344.6047842445992,72.7789381377551,38.87380956927905,20051021_40018_0100_PP,Messidor,test
345.6243363217183,73.76725924744898,38.6902204227302,IM000167,Messidor,test
465.80630088299324,84.58065609056122,42.89757848424421,c334f8688b77,APTOS,test
239.84691580629809,65.79217155612245,37.66398529794928,IM004668,Messidor,test
429.747536833611,77.36955915178571,41.024291240584034,20051130_59464_0400_PP,Messidor,test
698.748252166405,100.87330596301021,52.72420193938668,20060412_57974_0200_PP,Messidor,test
371.8119345982339,70.56616709183673,36.52128278260329,IM002822,Messidor,test
459.0522100916508,90.15041055484694,45.96302043685795,acf976efd7ce,APTOS,test
205.75292691942155,61.719606983418366,33.69875235389373,215d2b7c3fde,APTOS,test
462.93105212096026,93.02154416454081,45.95603534819153,c6229222bf22,APTOS,test
614.0772703517133,84.63755580357143,44.95430480703786,20060411_59190_0200_PP,Messidor,test
621.5552530884495,85.8041693239796,52.56242943128464,da2bdf4236ac,APTOS,test
306.70713415149845,72.32326211734694,38.42944806582973,IM003519,Messidor,test
360.60589252457623,97.1400071747449,49.66796309401173,20060412_59658_0200_PP,Messidor,test
123.10496731948375,67.74667171556122,28.908418956194836,18f1f979d30d,APTOS,test
422.58936202054423,90.92540258290816,45.21465768849028,996f9bba4ef0,APTOS,test
695.8262846778701,103.47287547831633,53.9565836593779,20060410_41098_0200_PP,Messidor,test
730.1131534346041,95.33518016581633,51.929704554927476,0e43c8298fc0,APTOS,test
519.4117194973693,88.07547433035714,44.235855695394584,7fc3a8bb40de,APTOS,test
571.7531569424096,85.73256138392857,48.28112353056444,33b91def2035,APTOS,test
509.70385888634706,98.57256457270408,51.07377886083166,20060410_41209_0200_PP,Messidor,test
333.0213599516818,69.60790019132654,37.51912666680193,IM002998,Messidor,test
785.7794913018263,91.70649314413265,43.631564940013206,IDRiD_255_train,IDRiD,test
585.7817244869328,91.33117426658163,48.78744144455537,20060412_59100_0200_PP,Messidor,test
568.9893633323329,101.07097018494898,44.44964714282757,IDRiD_190_train,IDRiD,test
526.7248864211623,87.62725207270408,43.336869905408,d6dbb0820ea5,APTOS,test
465.4893475980969,74.69162547831633,42.01564617256897,20051130_60691_0400_PP,Messidor,test
76.18488634134123,56.709103954081634,27.61968465163524,IDRiD_098_test,IDRiD,test
467.54627187388076,85.02628746811224,45.14411189495338,20060407_45949_0200_PP,Messidor,test
361.7036639856626,73.35076530612245,40.11810642021116,IM004154,Messidor,test
252.37440090822903,73.57144850127551,34.14859049511403,3e1f8fecb06f,APTOS,test
247.13204100925395,73.40051020408163,39.134195772464125,a0e635689259,APTOS,test
349.41930089598634,83.16852678571429,40.75843542806722,b2b7ccd34cbd,APTOS,test
562.3041351331069,82.49878427933673,48.090432424809684,1dfe599d12a9,APTOS,test
446.54555153201295,64.73028938137755,38.641739251751005,a07d571bf7ba,APTOS,test
489.83679903333064,72.97462930484694,38.90086986996984,20051214_41055_0100_PP,Messidor,test
381.5660841881062,77.42524314413265,43.809653114985494,aec51513cf45,APTOS,test
391.1494565405284,81.43971221301021,43.76967888993062,568455854a11,APTOS,test
708.4634775370671,96.41258769132654,51.375910579288494,20051020_43906_0100_PP,Messidor,test
278.74760723908406,67.13125797193878,34.47760126717301,IM004621,Messidor,test
335.32843716290535,94.81427375637755,47.13999632340724,0790515cf5af,APTOS,test
228.30486808881713,81.30827487244898,43.842966459779184,IM001751,Messidor,test
159.86974336583629,68.31190210459184,36.47336748417706,525d0dd8dc45,APTOS,test
460.1902716305791,88.28569435586735,44.002960291523834,18b99159a14f,APTOS,test
262.16564794244096,71.78627232142857,29.172297798978217,194814669fee,APTOS,test
312.1281790993503,86.38163663903062,45.61480854863424,20051202_48393_0400_PP,Messidor,test
415.4371053396985,80.51640226403062,34.5259529080014,IDRiD_076_test,IDRiD,test
348.2035559765849,76.9565130739796,39.550547870854004,20051201_38081_0400_PP,Messidor,test
243.1166976935066,89.54561941964286,46.38304721619612,20060529_56442_0100_PP,Messidor,test
319.7913615946867,103.60797991071429,50.99157033895161,835b9f6e12ba,APTOS,test
218.1102126064722,86.48686623086735,48.747348204475635,IDRiD_115_train,IDRiD,test
295.802027217749,61.96077806122449,32.43121793746538,eadc57064154,APTOS,test
305.19758743824735,74.68160076530613,40.16616605458237,IM002134,Messidor,test
362.23589093304827,81.6103515625,42.50516291968038,cd8da43e3069,APTOS,test
465.2102778032391,92.47076291454081,46.06235572806002,8185ce1cdcef,APTOS,test
321.16248574747436,72.107421875,35.65997907826363,IM002901,Messidor,test
434.8644342434401,74.50376674107143,38.636457069629124,d881c04f01fe,APTOS,test
583.7470125593974,91.14110331632654,47.09247912536565,20060410_47186_0200_PP,Messidor,test
342.48436438962847,84.16432158801021,42.39845738498246,IM000696,Messidor,test
314.587875366211,66.1420599489796,37.396798734357446,IM002649,Messidor,test
235.17684709286007,108.92641900510205,45.08650458603072,IDRiD_216_train,IDRiD,test
280.364166014694,74.40485491071429,34.71583456680305,IDRiD_035_train,IDRiD,test
371.5455539704163,96.00823102678571,48.66158616531034,20060412_59636_0200_PP,Messidor,test
359.3308841839575,87.26303411989795,43.59497051261358,f9aa35187bf3,APTOS,test
239.24913965469096,83.47371253188776,32.119704374364524,2d552318eb07,APTOS,test
484.5234265420795,85.75558035714286,44.4452771594523,9a1029536d78,APTOS,test
222.40319996444148,68.88113839285714,36.49444518613562,IM000080,Messidor,test
570.2193583079746,99.52080676020408,50.57257739425703,91e82fe4e434,APTOS,test
615.1407517715575,96.64138233418367,49.983710881746966,20060407_46257_0200_PP,Messidor,test
324.521362735251,79.34201610331633,39.78271802745715,IM002019,Messidor,test
422.3987705587398,73.84484614158163,42.97921489615843,4731e708ede3,APTOS,test
220.61797165304657,73.98718510841837,29.866136410892068,0bf37ca3156a,APTOS,test
355.0166162870567,73.73716517857143,39.26189256817884,20051205_58091_0400_PP,Messidor,test
358.9056259017843,54.73881935586735,30.120076256466636,IM004392,Messidor,test
336.9617656082573,72.62159199617346,39.073076672000866,IM001797,Messidor,test
426.2400462854807,88.49196827168367,43.72326140893068,ec6f1797a25a,APTOS,test
406.2057024325395,82.58462213010205,42.73170041261838,be197b663520,APTOS,test
204.88087119404747,76.08406409438776,33.600427201160464,IDRiD_173_train,IDRiD,test
438.4215195320985,63.846121651785715,35.158910870185885,20051130_59029_0400_PP,Messidor,test
375.168481612692,80.01407047193878,36.244518208583344,IDRiD_139_train,IDRiD,test
473.11029942419964,105.07906170280613,53.34240093890597,20060411_59919_0200_PP,Messidor,test
110.13211370934452,89.99143016581633,38.133582150004024,IDRiD_087_train,IDRiD,test
254.6676277167,73.18779894770408,37.66857131029882,IM000654,Messidor,test
600.2556375184192,115.09285315688776,41.934277929165425,0da09e3ce8f1,APTOS,test
301.9256861951638,82.32134885204081,43.18991541170096,a5c9a8c726b2,APTOS,test
403.21556091308594,87.68022560586735,45.3375674459908,780be525036d,APTOS,test
304.9665920459346,83.83846859056122,48.60306459466106,0709652336e2,APTOS,test
399.96664633188874,98.39558753188776,48.63848422905753,e4ae1ee6aada,APTOS,test
425.2778634826425,94.38436702806122,49.02843227258687,20051205_58409_0400_PP,Messidor,test
699.6516295257879,82.07543447066327,43.42274733890335,20060529_57156_0100_PP,Messidor,test
329.53156986856203,64.70579559948979,36.04844093663479,IM004440,Messidor,test
317.3161410546611,75.9007493622449,39.33342976176449,IM002615,Messidor,test
474.1317296562369,88.66605548469387,43.39934237107539,08f8838d69bb,APTOS,test
393.4170287933414,114.1195990114796,41.78679106288052,09eeafa9656a,APTOS,test
460.17684411545787,69.7752909757653,37.32250441827466,20051214_40994_0100_PP,Messidor,test
354.1124564937034,77.66161112882654,40.35201094685721,IM001089,Messidor,test
450.3644567995655,91.2342753507653,47.444773357224946,20060410_43868_0200_PP,Messidor,test
435.28831423108454,100.24055325255102,50.151196881764484,20060412_52194_0200_PP,Messidor,test
264.66575871641965,69.01839524872449,25.162891687722194,0fffa73e2402,APTOS,test
569.0991448875469,87.02750318877551,44.824917614094076,20051021_40248_0100_PP,Messidor,test
333.0264201066932,64.03270487882654,33.31441839445879,da9fe02dead3,APTOS,test
186.03937314123672,77.04402503188776,33.067281536183934,24b943fe725e,APTOS,test
446.85197491945706,92.27108577806122,46.78331865187169,1fb455685328,APTOS,test
395.7723522321327,90.72556600765306,47.010199379937724,IM001372,Messidor,test
420.0916105851885,93.36433753188776,45.76880610847584,d26bc6e1230d,APTOS,test
329.0946358990937,89.87386399872449,46.37835210816714,20051205_57757_0400_PP,Messidor,test
575.9314099633162,91.67159598214286,47.289850599030295,20060523_49010_0100_PP,Messidor,test
456.2711444983429,94.25003985969387,48.08394273835074,3bf3085ac167,APTOS,test
401.4126406156833,72.82609215561224,29.46365410583509,000c1434d8d7,APTOS,test
322.1360031181154,72.6270527742347,37.71176919537335,IM001110,Messidor,test
578.043712518653,84.26317362882654,44.39343488165052,20060523_50234_0100_PP,Messidor,test
542.5879128645579,81.21215322066327,45.31651297962075,6c30dd481717,APTOS,test
538.3657904644402,89.61499521683673,45.512386461058234,3b0190bbe615,APTOS,test
208.7257453762755,91.7444993622449,35.65646057644986,IDRiD_332_train,IDRiD,test
533.6037238143673,91.80596301020408,47.22930150612313,20051216_44939_0200_PP,Messidor,test
510.1280994327899,102.4033203125,52.567717238851465,20060412_59355_0200_PP,Messidor,test
468.3473015657716,73.26124043367346,38.72484722575097,IM000406,Messidor,test
736.6351099677603,90.88655931122449,47.53899955936745,20060523_48990_0100_PP,Messidor,test
421.99198063727664,91.51137994260205,47.89094528142493,IM002201,Messidor,test
401.1006153175008,91.17283163265306,44.74115410466142,7ee6de71c140,APTOS,test
427.0331845770076,101.92281170280613,52.2139849485298,20060407_45247_0200_PP,Messidor,test
661.4587777299416,80.39873644770408,44.11689124665865,IM003207,Messidor,test
509.4553070894533,89.74298469387755,46.73050934922527,20060523_50556_0100_PP,Messidor,test
434.745828942327,85.71444515306122,44.48258475161366,20051021_59459_0100_PP,Messidor,test
426.2465567308781,89.88970822704081,45.553429599631606,65f69234c8a7,APTOS,test
434.9801937100888,90.44180484693878,45.626856893246696,f3b27ac2d371,APTOS,test
558.8885309170902,81.31076610331633,50.712429862639816,17d7d6b092f4,APTOS,test
317.43431774450806,92.95101243622449,47.00545570975087,50916d67bb51,APTOS,test
326.03867971435386,84.47668207908163,36.878347175469536,IDRiD_044_train,IDRiD,test
340.6352707629698,83.27668606505102,41.75337379996765,4dd4a4bf2421,APTOS,test
402.0106866797622,87.0403977997449,45.32639369896689,20051110_34071_0400_PP,Messidor,test
448.39092343293447,56.90086894132653,33.860374636822336,IM003747,Messidor,test
436.58639622807056,94.04797114158163,46.928727188537266,2821998fc002,APTOS,test
399.81986906090566,89.29466278698979,45.524672683251865,20060523_45369_0100_PP,Messidor,test
410.2027708877378,82.91378348214286,43.828467130368175,20051020_62385_0100_PP,Messidor,test
344.7189855976733,78.60285794005102,39.405777155661035,20051205_58373_0400_PP,Messidor,test
335.41063075162924,71.48584980867346,36.53875961371459,IM001880,Messidor,test
473.07555185045516,99.03559470663265,50.59542283428033,20051216_47668_0200_PP,Messidor,test
330.9768444090672,84.40846221301021,42.76328859409695,20051205_59300_0400_PP,Messidor,test
464.10670580977165,91.78691007653062,44.54884602287954,58c12863f33d,APTOS,test
224.01716543068144,77.59392936862245,43.72384269775936,190a309f2cc5,APTOS,test
340.9067699665926,85.2405931122449,41.544416802280246,a0b7ad98df57,APTOS,test
410.83636250907006,87.39664381377551,43.175356024952734,f451eee2b66b,APTOS,test
352.20855848534006,73.26773756377551,39.21546408036337,20051020_63045_0100_PP,Messidor,test
405.4312974925042,69.8599928252551,42.65083795412142,IM004306,Messidor,test
1177.2232483494831,92.92460538903062,46.327193530959036,IDRiD_235_train,IDRiD,test
248.3574199871141,93.75356744260205,39.07056341812471,IDRiD_356_train,IDRiD,test
633.956856671595,103.16035554846938,45.846377627711966,IDRiD_282_train,IDRiD,test
353.25769194063173,74.5640943877551,39.01833775867796,20051110_38111_0400_PP,Messidor,test
280.1971267706551,75.05550462372449,31.35958287176476,1b495ac025b7,APTOS,test
589.0587566042879,87.3001634247449,48.29571006439187,060e00d1e2ab,APTOS,test
363.2687658157413,86.78218670280613,44.91298198763808,20051110_38194_0400_PP,Messidor,test
415.2070465469202,92.2108378507653,46.98064891523262,84b79243e430,APTOS,test
306.0180634685677,68.52447385204081,35.327033295360145,IM004241,Messidor,test
